#epochs,encoder_embedding_dim,decoder_embedding_dim,enc_layers,dec_layers,enc_hidden_units,dec_hidden_units,dropout,weight_decay,learning_rate,Precisionatn nivel1,Precisionatn nivel2,Precisionatn nivel3,Precisionatn nivel4,Precision nivel1,Precision nivel2,Precision nivel3,Precision nivel4,Recall nivel1,Recall nivel2,Recall nivel3,Recall nivel4,Drugs that have at least one match
154,128,64,4,3,64,32,0.1,1e-05,0.0001,39.52205882352941,65.11627906976744,55.714285714285715,56.41025641025641,0.3074935400516796,0.5437616387337058,0.5106666666666668,0.5666666666666667,0.4315676141257536,0.6899441340782123,0.576,0.58,"[179, 125, 75, 44]"
50,32,128,4,3,32,64,0.1,1e-05,0.001,65.625,75.91036414565826,84.13284132841329,76.75438596491229,0.5391903531438417,0.7276119402985074,0.7139534883720927,0.6404886561954624,0.6550100488084983,0.7773528192371478,0.8592137320044297,0.7933682373472949,"[268, 215, 191, 158]"
68,64,32,4,3,128,64,0.1,1e-05,0.001,56.61764705882353,66.88311688311688,70.3883495145631,60.0,0.46167097329888024,0.6001461988304094,0.7201257861635222,0.4107611548556431,0.5459230548377835,0.6645346003898636,0.7543126684636119,0.5984251968503937,"[228, 159, 127, 79]"
87,128,64,4,2,128,64,0.0,0.0001,0.0001,60.47794117647059,83.58662613981764,76.0,70.33492822966507,0.4913867355727821,0.7450199203187251,0.7256289308176098,0.576427255985267,0.6056129773184036,0.83244798583444,0.8123090745732254,0.7237569060773481,"[251, 212, 181, 140]"
88,128,32,2,4,64,32,0.1,1e-05,0.001,53.125,73.01038062283737,72.51184834123224,67.3202614379085,0.43755383290266997,0.6574074074074074,0.6782700421940929,0.5118110236220472,0.5208153890324433,0.7081147119341563,0.768128390596745,0.6916010498687665,"[216, 158, 127, 95]"
49,32,64,2,2,128,32,0.2,0.0001,0.001,55.69852941176471,79.53795379537954,72.19917012448133,59.195402298850574,0.48923341946597765,0.7088698140200286,0.7043859649122808,0.41883116883116894,0.559230548377835,0.791070577014783,0.7713408521303258,0.5974025974025974,"[233, 190, 154, 97]"
51,64,128,2,4,64,32,0.0,1e-05,0.001,44.85294117647059,63.114754098360656,71.42857142857143,44.54545454545455,0.3428079242032731,0.5569514237855948,0.6391076115485564,0.39236111111111116,0.48156761412575366,0.6222780569514238,0.7276902887139107,0.48090277777777785,"[199, 127, 96, 49]"
67,64,128,2,3,128,64,0.1,1e-05,0.001,62.31617647058824,77.5811209439528,82.12927756653993,70.83333333333334,0.500430663221361,0.7177954847277555,0.7587939698492464,0.543560606060606,0.6213321848980763,0.7693116423196105,0.8549413735343384,0.7287878787878787,"[251, 199, 176, 135]"
42,128,64,4,4,64,128,0.0,1e-05,0.001,54.96323529411765,70.23411371237458,79.52380952380952,62.874251497005986,0.5202411714039622,0.6364942528735632,0.7425149700598804,0.4097222222222225,0.5606804478897501,0.700191570881226,0.8292985457656116,0.6388888888888888,"[232, 167, 144, 99]"
66,128,128,4,4,128,64,0.0,1e-05,0.001,52.20588235294118,69.01408450704226,73.9795918367347,58.620689655172406,0.48320413436692505,0.603318250377074,0.6527777777777777,0.4380165289256199,0.5297301177146138,0.6950100553041729,0.7456501831501832,0.6013774104683196,"[221, 156, 121, 77]"
33,128,128,2,2,128,64,0.1,1e-05,0.001,62.68382352941176,79.47214076246334,80.44280442804428,74.77064220183486,0.5305770887166235,0.7263779527559057,0.7527646129541867,0.5723104056437387,0.6196095320126327,0.8048993875765529,0.8608271270593546,0.7624338624338624,"[254, 211, 189, 149]"
62,32,128,3,4,32,64,0.2,1e-05,0.001,59.375,79.56656346749226,80.54474708171206,69.56521739130434,0.4229112833763996,0.7827868852459016,0.701492537313433,0.6168582375478926,0.5861039333907551,0.799806466302368,0.8353470741530443,0.7245210727969349,"[244, 201, 174, 135]"
37,32,128,4,3,64,128,0.1,1e-05,0.001,61.94852941176471,84.27299703264094,83.09859154929578,76.69491525423729,0.5211024978466837,0.7621870882740447,0.7656012176560121,0.5968013468013468,0.6152598334768876,0.8457949055775141,0.8706784083496412,0.7885521885521886,"[253, 219, 198, 162]"
86,64,32,2,3,128,32,0.2,0.0001,0.001,46.69117647058824,63.38582677165354,72.04968944099379,48.275862068965516,0.43238587424633945,0.5512195121951219,0.6433823529411763,0.3460317460317461,0.4921188630490955,0.6403794037940379,0.7498249299719888,0.49047619047619045,"[205, 136, 105, 55]"
75,64,32,4,2,32,32,0.2,1e-05,0.001,60.29411764705882,74.39024390243902,75.40983606557377,65.76086956521739,0.5357450473729545,0.6859229747675962,0.6735395189003436,0.468944099378882,0.6091444157335629,0.7513833554670207,0.7904761904761904,0.6645962732919255,"[251, 194, 161, 112]"
36,128,64,2,4,64,128,0.0,1e-05,0.001,63.05147058823529,81.04956268221575,85.97122302158273,75.73221757322176,0.5262704565030144,0.7480000000000003,0.7523809523809523,0.6116838487972508,0.6194803330462245,0.8129222222222223,0.8903628117913834,0.7730240549828179,"[250, 210, 194, 157]"
128,128,128,2,2,32,64,0.1,1e-05,0.0001,59.00735294117647,77.88161993769471,78.8,74.11167512690355,0.44315245478036164,0.6843537414965986,0.7752136752136753,0.6204238921001927,0.5967843812805054,0.7858843537414966,0.84009768009768,0.7495183044315992,"[245, 195, 173, 133]"
70,128,128,4,2,64,128,0.2,1e-05,0.0001,64.52205882352942,82.62108262108262,84.48275862068965,74.28571428571429,0.48923341946597776,0.7641509433962264,0.8183856502242154,0.5942028985507245,0.6509187482055698,0.8213312368972746,0.8965833867179158,0.7491948470209339,"[265, 223, 207, 161]"
192,32,64,4,2,32,32,0.2,1e-05,0.0001,53.67647058823529,76.36986301369863,73.09417040358744,62.57668711656442,0.4401378122308353,0.6549192364170339,0.7009523809523809,0.5046620046620047,0.5525552684467413,0.757892804698972,0.7834421768707482,0.6468531468531469,"[227, 175, 143, 99]"
90,64,128,2,4,64,32,0.0,1e-05,0.0001,29.77941176470588,31.48148148148148,54.90196078431373,28.57142857142857,0.18518518518518523,0.30637254901960786,0.4965986394557823,0.26785714285714285,0.33010335917312655,0.34191176470588236,0.5714285714285714,0.2857142857142857,"[136, 49, 28, 8]"
28,32,64,3,2,32,64,0.0,0.0001,0.001,64.15441176470588,82.23495702005731,81.8815331010453,73.19148936170212,0.5322997416020673,0.7326923076923075,0.7934272300469483,0.5547008547008547,0.6413149583692218,0.809241452991453,0.873686563827409,0.7535897435897435,"[260, 213, 195, 152]"
22,32,32,3,2,32,128,0.0,0.0001,0.001,67.09558823529412,82.1917808219178,85.66666666666667,77.431906614786,0.568906115417743,0.76,0.7921985815602839,0.5625,0.6785673270169394,0.8306565656565656,0.8872948328267478,0.7820987654320987,"[275, 235, 216, 175]"
91,64,64,2,4,128,128,0.2,1e-05,0.0001,47.794117647058826,72.6923076923077,65.07936507936508,62.601626016260155,0.334194659776055,0.6929429429429429,0.5828282828282829,0.5758928571428571,0.5319552110249784,0.7286036036036034,0.6616161616161617,0.6607142857142857,"[222, 165, 112, 75]"
90,128,64,3,3,128,64,0.0,0.0001,0.0001,43.38235294117647,60.16949152542372,69.71830985915493,55.55555555555556,0.27131782945736405,0.5925925925925926,0.6574803149606301,0.47407407407407415,0.5031007751937984,0.6111111111111112,0.7007874015748031,0.5592592592592592,"[207, 127, 90, 53]"
49,64,64,3,3,32,64,0.2,1e-05,0.001,63.78676470588235,77.23342939481267,77.98507462686567,66.98564593301435,0.5271317829457363,0.7128205128205128,0.6843800322061194,0.535645472061657,0.6333907550961814,0.7731517094017094,0.8072463768115942,0.6922928709055876,"[260, 207, 173, 127]"
141,32,64,2,3,128,32,0.2,1e-05,0.0001,38.05147058823529,54.106280193236714,55.35714285714286,51.61290322580645,0.25322997416020676,0.5355029585798816,0.5049019607843137,0.48333333333333334,0.41300602928509905,0.5867850098619329,0.5686274509803921,0.5222222222222223,"[169, 102, 60, 32]"
64,64,128,2,2,128,128,0.1,1e-05,0.0001,64.88970588235294,84.13597733711048,82.15488215488216,76.22950819672131,0.508182601205857,0.7610899873257284,0.7971976401179942,0.6130081300813007,0.6491099626758541,0.8379700042247571,0.8655077960387695,0.7785365853658537,"[263, 226, 205, 165]"
77,64,32,2,3,128,32,0.2,1e-05,0.001,51.83823529411765,56.73758865248227,55.00000000000001,44.31818181818182,0.44013781223083565,0.5063492063492064,0.5351562499999999,0.3127572016460905,0.5038041917886878,0.5836904761904762,0.5873883928571428,0.4279835390946502,"[210, 128, 81, 36]"
57,128,32,4,3,128,64,0.1,1e-05,0.001,52.02205882352941,62.544169611307424,63.84180790960452,56.63716814159292,0.4539190353143841,0.5449010654490106,0.6277372262773723,0.3705501618122977,0.5204708584553545,0.6072425164890917,0.7140771637122002,0.5598705501618123,"[219, 137, 103, 60]"
79,32,128,2,3,64,128,0.0,0.0001,0.0001,54.96323529411765,72.24080267558529,77.31481481481481,72.45508982035929,0.30921619293712294,0.710267229254571,0.803201506591337,0.6840958605664488,0.5684898076370944,0.7352906704172528,0.8232176486413776,0.7342047930283224,"[237, 177, 153, 116]"
130,32,64,2,3,64,64,0.2,0.0001,0.0001,48.161764705882355,65.2671755725191,76.0233918128655,58.46153846153847,0.2885443583118001,0.6620370370370371,0.6823266219239373,0.559228650137741,0.5239879414298019,0.6756687242798355,0.7835570469798657,0.606060606060606,"[216, 149, 121, 75]"
156,32,32,3,2,128,32,0.2,1e-05,0.0001,57.35294117647059,67.62820512820514,66.82464454976304,60.28368794326241,0.45305770887166225,0.6231292517006802,0.5809248554913294,0.5442708333333334,0.5924777490668963,0.6836167800453515,0.7058904486650152,0.6243489583333334,"[245, 173, 128, 83]"
174,32,128,4,2,32,32,0.1,1e-05,0.0001,51.654411764705884,72.59786476868328,78.92156862745098,69.56521739130434,0.3720930232558139,0.6786786786786786,0.7682445759368839,0.6126126126126127,0.5292563881711168,0.7479354354354354,0.8385178923640463,0.7094594594594593,"[222, 169, 148, 110]"
33,64,32,3,3,64,128,0.0,0.0001,0.001,65.625,80.95238095238095,82.69896193771626,81.58995815899581,0.5641688199827736,0.7301886792452827,0.7544642857142857,0.6066666666666664,0.6563451047947171,0.8192348008385745,0.8589392006802721,0.8495833333333332,"[265, 224, 200, 177]"
56,32,64,2,4,32,64,0.2,1e-05,0.001,58.82352941176471,79.6875,78.43137254901961,71.0,0.45822566752799315,0.7212765957446808,0.7464912280701753,0.5654396728016359,0.5678868791271893,0.7870330969267141,0.8164285714285715,0.7306748466257668,"[235, 190, 163, 126]"
122,64,32,4,4,32,32,0.0,0.0001,0.0001,33.088235294117645,15.555555555555555,50.0,14.285714285714285,0.17054263565891492,0.16013071895424835,0.5,0.14285714285714285,0.3683893195521103,0.16666666666666666,0.5,0.14285714285714285,"[153, 28, 14, 2]"
103,32,128,4,2,64,64,0.2,0.0001,0.0001,61.21323529411765,83.48348348348348,78.41726618705036,71.55963302752293,0.4509043927648575,0.7314814814814815,0.7948113207547172,0.5891265597147948,0.6094889463106516,0.8257826278659612,0.8447495507637016,0.7290552584670232,"[252, 212, 187, 143]"
52,128,128,3,3,128,128,0.2,0.0001,0.001,65.44117647058823,80.33707865168539,80.06993006993007,77.29257641921397,0.5538329026701115,0.7345679012345682,0.7345132743362831,0.6069023569023567,0.6595320126327878,0.8138168724279835,0.8368836915297093,0.7836700336700335,"[270, 226, 198, 161]"
116,64,32,2,2,64,64,0.0,1e-05,0.0001,61.029411764705884,77.10843373493977,76.953125,62.43654822335025,0.4978466838931956,0.691532258064516,0.689883913764511,0.5245098039215687,0.605828308929084,0.7806339605734768,0.8060293769248993,0.653921568627451,"[248, 201, 170, 119]"
120,128,64,3,4,64,32,0.1,1e-05,0.0001,32.536764705882355,27.11864406779661,56.25,37.03703703703704,0.1662360034453059,0.30666666666666664,0.5141843971631206,0.3148148148148148,0.35977605512489236,0.3,0.5638297872340425,0.37037037037037035,"[150, 47, 27, 10]"
70,32,64,4,4,32,64,0.2,0.0001,0.001,60.29411764705882,77.7439024390244,77.25490196078432,71.57360406091371,0.47975882859603786,0.7238095238095237,0.7336769759450172,0.558531746031746,0.5945018662072926,0.7709637188208617,0.8224104074619539,0.7480158730158729,"[245, 194, 168, 132]"
53,64,32,2,3,128,64,0.2,1e-05,0.001,56.98529411764706,74.51612903225806,71.86147186147186,54.21686746987952,0.49267872523686473,0.6581920903954801,0.6749539594843462,0.3758620689655173,0.566810221073787,0.7428790018832391,0.7632333596421994,0.5317241379310345,"[236, 181, 145, 81]"
86,32,128,4,4,32,32,0.0,0.0001,0.0001,30.514705882352942,26.506024096385545,50.0,36.36363636363637,0.17484926787252372,0.2685851318944844,0.4844961240310077,0.29545454545454547,0.3374246339362619,0.29136690647482016,0.5116279069767442,0.36363636363636365,"[139, 43, 22, 8]"
95,64,64,3,2,128,32,0.1,1e-05,0.001,51.83823529411765,67.73049645390071,74.3455497382199,59.154929577464785,0.450473729543497,0.6527777777777778,0.6742424242424244,0.3915343915343915,0.5129342520815386,0.6915509259259259,0.7788033395176253,0.5952380952380952,"[216, 154, 126, 79]"
92,64,64,3,4,64,64,0.2,1e-05,0.001,56.25,76.1437908496732,75.10729613733905,64.57142857142857,0.47545219638242914,0.6874999999999997,0.7090395480225993,0.4338061465721041,0.5589721504450185,0.7391642720306513,0.7709846650524617,0.6709219858156028,"[232, 177, 141, 100]"
31,32,128,3,4,32,64,0.0,0.0001,0.001,49.63235294117647,72.22222222222221,74.35897435897436,66.20689655172414,0.3410852713178294,0.6597859327217126,0.7304526748971195,0.5568181818181817,0.5185615848406545,0.726809378185525,0.77826278659612,0.6919191919191919,"[218, 162, 132, 95]"
32,32,64,4,2,128,128,0.2,0.0001,0.001,61.029411764705884,79.51807228915662,77.27272727272727,73.0392156862745,0.5469422911283376,0.7382864792503346,0.7071197411003237,0.5131826741996233,0.6096181452770599,0.8088911200356984,0.8200416088765604,0.7369114877589454,"[249, 206, 177, 135]"
41,32,64,4,3,32,64,0.0,0.0001,0.001,59.19117647058824,77.63975155279503,84.39999999999999,69.19431279620854,0.5271317829457363,0.7462585034013606,0.7037037037037035,0.5028571428571428,0.5905397645707723,0.7805328798185941,0.8612554112554113,0.7133333333333333,"[245, 198, 175, 134]"
127,64,32,3,4,32,128,0.1,1e-05,0.0001,48.345588235294116,72.6235741444867,74.86910994764398,65.73426573426573,0.3410852713178293,0.6816143497757847,0.6521739130434784,0.6351706036745406,0.5270025839793281,0.7137518684603887,0.765527950310559,0.6916010498687662,"[223, 161, 127, 91]"
41,64,128,2,2,64,32,0.0,0.0001,0.001,61.58088235294118,76.71641791044776,80.93385214007782,71.63461538461539,0.513350559862188,0.6928763440860213,0.7554991539763114,0.5482954545454545,0.605354579385587,0.7701500896057348,0.8502175489485135,0.7287878787878787,"[248, 197, 176, 134]"
52,128,32,4,4,128,128,0.0,0.0001,0.001,52.75735294117647,67.24738675958189,68.9119170984456,63.1578947368421,0.4409991386735574,0.634090909090909,0.6165577342047931,0.4561403508771931,0.5284381280505311,0.6729166666666666,0.7117958294428882,0.6377192982456139,"[220, 153, 114, 77]"
61,64,64,2,2,128,128,0.1,1e-05,0.0001,62.31617647058824,79.05604719764013,82.83582089552239,74.32432432432432,0.4694229112833764,0.7163398692810455,0.8074433656957929,0.6267730496453899,0.6237008326155613,0.7842592592592593,0.8760864539990754,0.7632978723404256,"[255, 206, 188, 149]"
46,64,128,3,4,32,64,0.1,1e-05,0.001,56.98529411764706,76.77419354838709,83.61344537815127,70.85427135678391,0.475452196382429,0.7543103448275862,0.701058201058201,0.5608782435129739,0.5566035027275337,0.7837523946360154,0.8571680524061477,0.7271457085828342,"[232, 189, 167, 127]"
44,64,32,2,4,32,64,0.2,1e-05,0.001,55.33088235294118,77.0764119601329,75.86206896551724,60.22727272727273,0.4280792420327306,0.7355072463768115,0.6243243243243243,0.5275938189845475,0.5575078954923914,0.7797705314009662,0.7789832689832691,0.609823399558499,"[230, 185, 151, 99]"
125,128,128,3,2,128,32,0.2,0.0001,0.0001,51.470588235294116,70.0,69.89795918367348,59.12408759124088,0.42377260981912124,0.6378787878787879,0.6625766871165644,0.48280423280423285,0.5306632213608956,0.7255050505050505,0.7381390593047035,0.6031746031746031,"[220, 163, 126, 79]"
56,32,32,3,3,32,64,0.1,0.0001,0.001,63.05147058823529,77.84256559766763,85.76779026217228,72.92576419213974,0.5340223944875111,0.710727969348659,0.7601626016260163,0.5701754385964908,0.6343382141831754,0.7667411664538102,0.8953542392566782,0.7558771929824561,"[261, 205, 190, 153]"
71,32,128,2,2,128,32,0.2,0.0001,0.001,59.92647058823529,81.28834355828221,79.24528301886792,68.57142857142857,0.5305770887166236,0.7458333333333333,0.7466666666666666,0.4522471910112357,0.5849842090152166,0.8098032407407406,0.8449761904761904,0.6910112359550562,"[240, 200, 178, 128]"
71,32,32,3,4,64,64,0.0,0.0001,0.0001,31.25,30.58823529411765,50.0,19.230769230769234,0.20155038759689922,0.2534246575342466,0.4869281045751634,0.19230769230769232,0.35099052540913006,0.3458904109589041,0.5,0.19230769230769232,"[146, 51, 26, 5]"
112,32,32,2,2,32,64,0.0,0.0001,0.0001,56.61764705882353,75.32467532467533,70.6896551724138,64.02439024390245,0.446167097329888,0.6797101449275361,0.6703296703296703,0.4870892018779342,0.5569049669824864,0.7582971014492753,0.7404892726321298,0.6379107981220657,"[230, 182, 142, 96]"
44,32,64,3,4,128,128,0.1,1e-05,0.001,59.00735294117647,71.96261682242991,78.78787878787878,60.98901098901099,0.5133505598621878,0.6562932226832642,0.6838768115942031,0.4528508771929825,0.5829600918748207,0.7287574919317656,0.7918737060041406,0.6086622807017543,"[241, 184, 152, 97]"
98,128,32,4,2,128,64,0.2,0.0001,0.0001,59.74264705882353,79.07692307692308,72.37354085603113,65.05376344086021,0.5185185185185184,0.7091633466135457,0.6493399339933996,0.4808080808080807,0.6029859316681021,0.7854692341744134,0.7747289014615747,0.6722222222222223,"[251, 202, 165, 116]"
37,32,64,4,4,32,128,0.2,0.0001,0.001,60.47794117647059,80.54711246200608,84.15094339622642,73.54260089686099,0.5228251507321274,0.7696476964769647,0.7673107890499196,0.5096491228070174,0.6007895492391616,0.814351851851852,0.87989417989418,0.7461403508771929,"[246, 207, 190, 146]"
103,64,32,2,2,64,128,0.2,1e-05,0.0001,65.625,80.3921568627451,83.62369337979094,77.91666666666667,0.4978466838931958,0.743781094527363,0.7878787878787882,0.6609477124183005,0.6545793855871376,0.8011919568822553,0.8875216450216451,0.7962418300653595,"[268, 220, 204, 168]"
23,64,128,2,3,64,128,0.0,0.0001,0.001,61.94852941176471,85.7566765578635,85.12110726643598,73.57723577235772,0.500430663221361,0.8047808764940239,0.7835595776772247,0.557723577235772,0.6151737008326156,0.85744798583444,0.8989226459814695,0.7570731707317072,"[251, 221, 205, 163]"
92,32,128,3,2,32,128,0.2,1e-05,0.0001,64.88970588235294,81.30311614730878,83.97212543554006,73.85892116182573,0.44272179155900093,0.7528735632183907,0.8235735735735735,0.6412151067323482,0.6383003158196956,0.8220412941677311,0.8844809094809095,0.7586206896551724,"[261, 222, 203, 160]"
82,64,64,4,4,128,64,0.2,0.0001,0.001,50.18382352941176,58.24175824175825,71.0691823899371,50.442477876106196,0.4194659776055125,0.5391236306729268,0.6399491094147584,0.34477124183006536,0.5121447028423771,0.5946791862284819,0.7478371501272265,0.5016339869281046,"[213, 131, 102, 54]"
36,64,128,3,2,128,128,0.2,1e-05,0.001,67.83088235294117,82.38482384823848,84.21052631578947,81.640625,0.5848406546080964,0.7478787878787877,0.8034188034188032,0.5989345509893453,0.6736146999712892,0.8264949494949495,0.8968457468457468,0.8315068493150685,"[275, 234, 219, 188]"
80,128,128,2,4,128,64,0.1,1e-05,0.001,59.74264705882353,75.6923076923077,76.82926829268293,69.84126984126983,0.4737295434969851,0.6762688614540466,0.7281639928698754,0.5559071729957805,0.5860178007464828,0.7544010059442158,0.8085688820982939,0.7164556962025316,"[243, 187, 158, 119]"
99,128,128,2,4,128,32,0.1,1e-05,0.001,46.50735294117647,64.42687747035573,68.71165644171779,57.14285714285714,0.40568475452196373,0.5541237113402064,0.6629353233830848,0.41077441077441085,0.457723227103072,0.6651632302405498,0.7110874200426439,0.5757575757575758,"[194, 134, 99, 61]"
133,128,32,3,2,64,64,0.2,1e-05,0.0001,59.74264705882353,82.46153846153847,77.61194029850746,68.26923076923077,0.49440137812230867,0.7605442176870747,0.7147435897435895,0.5376344086021504,0.592348550100488,0.8244331065759636,0.8453296703296703,0.6944444444444444,"[245, 208, 186, 134]"
59,128,128,2,3,128,64,0.0,0.0001,0.001,65.99264705882352,79.66573816155989,77.27272727272727,75.56561085972851,0.5538329026701119,0.720754716981132,0.7119815668202764,0.5828729281767956,0.6457507895492391,0.7922746331236897,0.7990234803598858,0.7826887661141805,"[265, 217, 181, 148]"
53,128,64,2,3,128,64,0.0,1e-05,0.001,56.80147058823529,81.22977346278317,78.08764940239044,72.44897959183673,0.4883720930232557,0.7195994277539343,0.7187500000000003,0.5345528455284552,0.56534596612116,0.802515498330949,0.8196552579365081,0.7398373983739838,"[233, 192, 164, 128]"
70,128,32,2,2,128,32,0.2,1e-05,0.001,56.06617647058824,67.8688524590164,72.46376811594203,56.00000000000001,0.4806201550387596,0.6326086956521738,0.6555555555555554,0.38589743589743597,0.557723227103072,0.6877415458937197,0.750981240981241,0.5717948717948718,"[230, 165, 130, 80]"
145,128,128,4,2,128,32,0.1,0.0001,0.0001,58.63970588235294,78.0564263322884,72.69076305220884,65.19337016574586,0.47459086993970756,0.6994421199442123,0.6718480138169258,0.5555555555555557,0.5772753373528566,0.7908298465829846,0.7616333580064151,0.6873638344226579,"[239, 193, 153, 112]"
42,128,64,4,4,128,128,0.1,0.0001,0.001,50.91911764705882,66.78700361010831,66.48648648648648,60.16260162601627,0.44702842377260976,0.6132075471698113,0.5722610722610723,0.44444444444444436,0.5100057421762848,0.6548087002096435,0.689027639027639,0.5906349206349206,"[212, 143, 105, 65]"
88,32,32,4,4,64,128,0.2,0.0001,0.0001,50.36764705882353,66.78832116788321,58.46994535519126,58.87850467289719,0.33850129198966417,0.6888888888888889,0.55175983436853,0.4488448844884489,0.5468130921619294,0.6935802469135802,0.6107660455486543,0.594059405940594,"[225, 161, 101, 61]"
157,32,32,2,3,64,64,0.2,0.0001,0.0001,54.96323529411765,66.88963210702342,64.5,55.81395348837209,0.33247200689061135,0.6473533619456365,0.6153846153846154,0.5103244837758112,0.5608957795004307,0.6543872198378636,0.6783119658119657,0.5943952802359881,"[233, 156, 113, 72]"
17,32,128,3,2,64,128,0.0,0.0001,0.001,67.09558823529412,87.94520547945206,84.11214953271028,78.88888888888889,0.5452196382428939,0.8037037037037035,0.774793388429752,0.619155354449472,0.6669394200401952,0.8782201646090535,0.8802833530106258,0.801734539969834,"[270, 242, 221, 184]"
125,128,64,2,4,64,128,0.2,0.0001,0.0001,30.330882352941174,52.72727272727272,66.66666666666666,79.3103448275862,0.17226528854435835,0.5122549019607844,0.7115384615384616,0.7192982456140351,0.3332902670111972,0.5559640522875817,0.7094017094017094,0.7982456140350878,"[136, 78, 57, 46]"
128,128,128,3,4,128,32,0.1,1e-05,0.0001,38.60294117647059,55.714285714285715,52.13675213675214,45.90163934426229,0.2713178294573642,0.49625468164793995,0.501557632398754,0.41379310344827586,0.42472006890611536,0.5898876404494382,0.5233644859813084,0.47413793103448276,"[178, 107, 58, 28]"
72,128,64,4,4,64,32,0.2,1e-05,0.001,40.625,57.466063348416284,51.96850393700787,43.93939393939394,0.34022394487510765,0.5277777777777779,0.4781931464174455,0.3,0.4210594315245478,0.6053639846743295,0.5373831775700935,0.4388888888888889,"[174, 107, 60, 28]"
102,32,32,4,3,64,128,0.2,0.0001,0.0001,58.27205882352941,79.17981072555204,74.9003984063745,67.02127659574468,0.3850129198966408,0.776388888888889,0.7297979797979797,0.588235294117647,0.5781797301177145,0.7990162037037037,0.8121693121693121,0.6906862745098039,"[240, 198, 170, 120]"
92,128,64,2,3,64,32,0.2,1e-05,0.001,53.67647058823529,74.65753424657534,72.47706422018348,62.65822784810127,0.46253229974160215,0.6770370370370371,0.6279069767441862,0.4987654320987654,0.5399224806201549,0.7419753086419753,0.7526716500553711,0.6370370370370371,"[225, 172, 135, 93]"
63,64,64,4,4,128,32,0.2,0.0001,0.001,36.94852941176471,51.243781094527364,40.77669902912621,28.57142857142857,0.3264427217915589,0.39359698681732597,0.3263888888888888,0.25416666666666665,0.4191214470284238,0.5329566854990584,0.4166666666666667,0.2875,"[177, 96, 40, 12]"
141,128,64,2,3,32,64,0.1,0.0001,0.0001,52.02205882352941,68.55123674911661,78.35051546391753,63.1578947368421,0.329888027562446,0.6615271659324523,0.7626262626262625,0.559610705596107,0.5454780361757107,0.7090063631913853,0.8010101010101012,0.645985401459854,"[227, 165, 137, 91]"
80,64,128,2,2,128,128,0.2,1e-05,0.0001,65.25735294117648,82.53521126760563,85.6655290102389,79.6812749003984,0.4814814814814817,0.7828863346104726,0.8467261904761905,0.6341269841269841,0.6426069480333046,0.8360898254576415,0.9077593537414966,0.8099999999999998,"[261, 224, 210, 176]"
25,128,64,4,2,64,128,0.1,1e-05,0.001,68.19852941176471,81.40161725067385,81.12582781456953,80.0,0.565030146425495,0.7737226277372261,0.730880230880231,0.6203252032520324,0.6731840367499282,0.8186232765612328,0.8478870336013192,0.8114634146341463,"[274, 231, 205, 172]"
82,64,128,4,3,32,64,0.0,1e-05,0.0001,31.801470588235293,47.398843930635834,67.07317073170732,49.09090909090909,0.21360895779500416,0.42643678160919535,0.6600877192982456,0.4074074074074074,0.3520671834625323,0.5076628352490422,0.6973684210526315,0.48148148148148145,"[145, 76, 54, 26]"
75,128,32,2,3,32,32,0.1,0.0001,0.001,57.904411764705884,76.5079365079365,75.51867219917013,68.68131868131869,0.46511627906976727,0.7257834757834757,0.6728723404255319,0.5331196581196581,0.5738730979041056,0.7752018043684711,0.7892857142857144,0.6933760683760684,"[234, 188, 156, 113]"
151,32,64,3,2,64,32,0.1,0.0001,0.0001,55.51470588235294,74.50331125827815,67.11111111111111,61.58940397350994,0.42850990525409083,0.5968660968660969,0.707156308851224,0.5277777777777778,0.5606086706861901,0.7347459639126305,0.7311407048695184,0.6256038647342995,"[234, 177, 138, 88]"
89,64,32,4,2,32,128,0.1,1e-05,0.0001,63.970588235294116,80.17241379310344,82.79569892473118,72.2943722943723,0.4806201550387598,0.7226463104325701,0.8052959501557632,0.6023688663282573,0.6358455354579385,0.8010920271416454,0.8796951490876724,0.7335025380710661,"[262, 214, 197, 150]"
110,64,128,4,4,32,32,0.2,0.0001,0.0001,32.35294117647059,31.25,45.45454545454545,32.0,0.16192937123169693,0.3434004474272931,0.4294871794871795,0.2638888888888889,0.35831180017226527,0.33557046979865773,0.46153846153846156,0.3125,"[149, 52, 24, 8]"
47,64,128,2,4,32,32,0.0,0.0001,0.001,47.05882352941176,72.265625,74.05405405405405,59.854014598540154,0.2988802756244613,0.6539763113367173,0.7871621621621622,0.515625,0.4733132357163365,0.7246897913141568,0.8231981981981983,0.6015625,"[197, 148, 128, 79]"
110,32,32,4,3,128,64,0.1,1e-05,0.0001,52.38970588235294,59.64912280701754,63.52941176470588,56.481481481481474,0.38156761412575346,0.528735632183908,0.5913242009132421,0.525,0.5556560436405397,0.6141642720306514,0.6690802348336595,0.6,"[232, 146, 100, 61]"
83,64,128,4,3,128,64,0.1,0.0001,0.0001,37.68382352941176,57.073170731707314,74.35897435897436,59.77011494252874,0.2308354866494401,0.5404896421845574,0.7287878787878789,0.5843373493975904,0.430275624461671,0.6079723791588199,0.740909090909091,0.6144578313253012,"[177, 110, 83, 52]"
89,128,64,3,4,64,128,0.1,1e-05,0.0001,51.654411764705884,72.59786476868328,70.09803921568627,61.53846153846154,0.3161068044788975,0.7108066971080669,0.6767676767676768,0.55470737913486,0.5278639104220498,0.7315068493150685,0.7418181818181818,0.6246819338422391,"[219, 165, 131, 85]"
75,128,128,4,3,64,128,0.0,0.0001,0.0001,56.98529411764706,73.54838709677419,77.63157894736842,72.31638418079096,0.33074935400516786,0.701388888888889,0.819672131147541,0.66875,0.5782227964398506,0.7413773148148147,0.8370804059328649,0.7479166666666667,"[240, 183, 160, 123]"
40,32,64,2,4,128,128,0.2,0.0001,0.001,59.92647058823529,74.23312883435584,68.59504132231406,62.65060240963856,0.5124892334194657,0.6861924686192472,0.6729390681003585,0.43835616438356184,0.5780505311513063,0.7441538819153881,0.7402969790066565,0.6307077625570777,"[239, 186, 146, 97]"
126,64,64,3,4,64,32,0.1,1e-05,0.0001,33.088235294117645,41.11111111111111,54.054054054054056,35.0,0.22825150732127455,0.38453159041394347,0.504830917874396,0.3157894736842105,0.363006029285099,0.4455337690631809,0.5362318840579711,0.3684210526315789,"[153, 69, 38, 14]"
84,64,64,2,4,64,64,0.0,0.0001,0.0001,36.213235294117645,53.299492385786806,51.42857142857142,59.25925925925925,0.22997416020671824,0.4698795180722892,0.5212765957446809,0.5384615384615384,0.4059431524547804,0.5602409638554217,0.5425531914893617,0.6057692307692307,"[166, 94, 52, 32]"
85,128,32,3,4,32,128,0.0,1e-05,0.0001,47.05882352941176,62.890625,61.49068322981367,48.484848484848484,0.3815676141257537,0.5428802588996763,0.5648854961832062,0.39204545454545453,0.4892477749066896,0.627224919093851,0.6421301344965468,0.49242424242424243,"[206, 131, 88, 47]"
87,32,128,4,3,64,32,0.1,1e-05,0.001,57.53676470588235,74.4408945686901,72.1030042918455,59.523809523809526,0.47803617571059415,0.6603107344632767,0.7003745318352061,0.45804988662131524,0.5701693942004019,0.7363818267419961,0.7855537720706259,0.6054421768707483,"[236, 178, 147, 96]"
66,32,64,2,4,32,32,0.1,0.0001,0.001,48.161764705882355,72.51908396946564,72.63157894736842,53.62318840579711,0.34969853574504767,0.6940532081377152,0.6707818930041152,0.4531250000000001,0.5123169681309216,0.7454355764214918,0.7524250440917107,0.546875,"[213, 162, 128, 73]"
104,128,128,2,2,64,64,0.0,0.0001,0.0001,57.720588235294116,79.61783439490446,78.4,71.42857142857143,0.4086993970714902,0.7169421487603304,0.7786458333333334,0.6201550387596899,0.5827878265862761,0.7857552800734618,0.8531001984126984,0.7335271317829457,"[242, 192, 172, 131]"
131,128,64,2,4,32,32,0.0,1e-05,0.0001,45.220588235294116,49.59349593495935,41.80327868852459,43.13725490196079,0.36950904392764844,0.4231391585760519,0.39296636085626907,0.3877551020408163,0.4954349698535745,0.5194174757281553,0.42201834862385323,0.4387755102040816,"[206, 109, 49, 22]"
37,32,64,3,3,128,128,0.0,0.0001,0.001,63.78676470588235,81.26801152737752,83.33333333333334,74.04255319148936,0.5452196382428941,0.7120622568093383,0.7638230647709323,0.5713012477718359,0.6310221073786966,0.7970709035884134,0.8593827578424735,0.7680926916221034,"[257, 211, 187, 151]"
43,128,64,4,3,128,32,0.0,0.0001,0.001,41.17647058823529,55.35714285714286,62.096774193548384,42.857142857142854,0.38458225667527995,0.5081967213114753,0.48939393939393955,0.3194444444444444,0.44754521963824284,0.5892531876138434,0.6409090909090909,0.4166666666666667,"[183, 110, 72, 32]"
73,32,32,4,3,128,128,0.0,0.0001,0.0001,60.29411764705882,74.08536585365853,78.18930041152264,70.52631578947368,0.4259259259259257,0.6673228346456692,0.757264957264957,0.6313725490196077,0.6156904966982485,0.738396762904637,0.8393772893772893,0.7245098039215686,"[254, 195, 170, 127]"
99,32,64,4,3,128,128,0.2,1e-05,0.0001,64.33823529411765,74.0,78.76447876447877,71.56862745098039,0.4539190353143842,0.7011494252873565,0.7532679738562089,0.6193078324225865,0.6319695664656905,0.7539059174116645,0.8563025210084033,0.726775956284153,"[261, 204, 183, 137]"
38,64,32,4,2,64,64,0.0,1e-05,0.001,59.375,73.37461300309597,78.90295358649789,68.98395721925134,0.5219638242894056,0.7046070460704605,0.6885964912280702,0.5163599182004088,0.5954493252942865,0.7447944896115627,0.8272556390977442,0.6993865030674846,"[246, 190, 163, 118]"
129,32,64,4,2,32,64,0.2,0.0001,0.0001,58.08823529411765,76.89873417721519,78.60082304526749,67.5392670157068,0.44013781223083565,0.6871584699453552,0.7517361111111113,0.5674603174603174,0.589448751076658,0.7716302367941712,0.8368551587301587,0.6865079365079365,"[244, 192, 168, 120]"
148,64,32,2,4,64,32,0.0,0.0001,0.0001,38.05147058823529,46.3768115942029,34.375,27.27272727272727,0.2807924203273039,0.4089147286821705,0.3488372093023256,0.21875,0.41451335055986216,0.48992248062015503,0.3449612403100775,0.28125,"[172, 86, 32, 9]"
86,128,64,4,3,32,128,0.1,0.0001,0.0001,55.51470588235294,74.50331125827815,75.1111111111111,65.08875739644971,0.3608957795004308,0.6917024320457796,0.7304761904761905,0.6066666666666667,0.565905828308929,0.7359918931807343,0.8114965986394558,0.6566666666666666,"[233, 175, 150, 101]"
122,128,32,2,4,32,64,0.1,0.0001,0.0001,29.22794117647059,44.65408805031446,57.74647887323944,43.90243902439025,0.1714039621016366,0.4197530864197531,0.5522388059701493,0.31666666666666665,0.3238156761412575,0.4748971193415638,0.582089552238806,0.45,"[135, 67, 40, 18]"
149,128,128,4,3,32,64,0.1,1e-05,0.0001,52.38970588235294,79.2982456140351,73.45132743362832,66.26506024096386,0.33936261843238574,0.736417033773862,0.7655677655677656,0.5953947368421052,0.554349698535745,0.7940283896231033,0.78787284144427,0.6798245614035088,"[227, 182, 152, 107]"
85,64,128,3,4,64,32,0.2,1e-05,0.001,48.89705882352941,66.16541353383458,63.06818181818182,54.95495495495496,0.4005167958656332,0.6254125412541255,0.6338028169014085,0.34666666666666657,0.4799885156474302,0.6817244224422442,0.6663313212608988,0.5366666666666666,"[202, 142, 100, 56]"
49,64,64,3,4,64,128,0.2,0.0001,0.001,64.33823529411765,84.85714285714285,82.15488215488216,76.63934426229508,0.5770887166236002,0.7649253731343285,0.7186147186147186,0.6059870550161811,0.654364053976457,0.8419879767827528,0.8598639455782313,0.7892394822006473,"[268, 231, 206, 170]"
144,32,32,2,2,32,64,0.1,1e-05,0.0001,58.82352941176471,71.5625,81.6593886462882,70.58823529411765,0.4461670973298883,0.6928374655647384,0.7576576576576576,0.590818363273453,0.5858024691358025,0.7333907254361801,0.8617760617760619,0.7135728542914171,"[242, 185, 167, 124]"
36,32,64,2,4,32,128,0.1,0.0001,0.001,63.78676470588235,81.26801152737752,82.26950354609929,75.86206896551724,0.487510766580534,0.7607843137254898,0.7692901234567903,0.6195462478184991,0.6249497559575079,0.818681917211329,0.8486992945326278,0.7696335078534031,"[255, 216, 191, 153]"
33,64,64,4,2,32,64,0.0,0.0001,0.001,65.625,83.75350140056022,81.27090301003345,79.83539094650206,0.5538329026701118,0.7570512820512821,0.7787742899850523,0.57,0.6440281366637955,0.8382799145299146,0.8535874439461885,0.8191666666666667,"[260, 223, 200, 170]"
78,128,128,3,3,128,32,0.1,0.0001,0.001,55.51470588235294,74.50331125827815,68.88888888888889,60.0,0.46683893195521114,0.7041116005873714,0.6695906432748537,0.4255050505050505,0.5478179730117714,0.7376774351443955,0.7326232247284878,0.6287878787878787,"[227, 171, 132, 89]"
26,64,128,4,3,32,128,0.0,1e-05,0.001,67.64705882352942,80.97826086956522,85.57046979865773,83.52941176470588,0.5452196382428941,0.7301587301587302,0.8014814814814814,0.682464454976303,0.6733993683606088,0.7977513227513227,0.9025185185185185,0.8653238546603476,"[273, 225, 211, 190]"
61,64,32,4,2,64,128,0.0,1e-05,0.0001,62.31617647058824,74.92625368731564,81.88976377952756,71.63461538461539,0.49569336778639106,0.6732283464566928,0.7741666666666667,0.5996275605214152,0.6161211599196096,0.7599956255468067,0.8585833333333335,0.7253258845437616,"[254, 200, 179, 134]"
33,32,32,3,2,128,64,0.1,0.0001,0.001,58.63970588235294,73.35423197492163,73.50427350427351,58.139534883720934,0.4935400516795866,0.6666666666666667,0.6684491978609627,0.4415011037527593,0.5811513063451047,0.7320362718089991,0.7762668703845174,0.5927152317880795,"[242, 187, 151, 95]"
48,32,32,4,4,32,128,0.2,1e-05,0.001,64.33823529411765,81.71428571428572,80.06993006993007,79.91266375545851,0.5555555555555555,0.7413793103448273,0.7025411061285503,0.6258680555555555,0.642305483778352,0.8268944231587909,0.8326500106769166,0.8039062499999999,"[261, 223, 192, 159]"
53,64,64,4,3,128,64,0.2,1e-05,0.001,51.470588235294116,64.64285714285715,66.85082872928176,57.02479338842975,0.4203273040482342,0.565251572327044,0.656934306569343,0.3883647798742138,0.5041487223657766,0.6272929769392033,0.7298922488703511,0.5575471698113208,"[212, 137, 106, 63]"
46,32,32,2,4,128,128,0.2,1e-05,0.001,57.16911764705882,76.52733118971061,75.63025210084034,62.22222222222222,0.50473729543497,0.6946778711484591,0.6542553191489362,0.48245614035087714,0.5734424346827447,0.7628384687208216,0.7800531914893617,0.6578947368421053,"[238, 188, 152, 105]"
30,32,32,2,3,32,128,0.2,1e-05,0.001,67.09558823529412,82.1917808219178,88.0,75.75757575757575,0.5615848406546082,0.7879901960784313,0.7595744680851061,0.5950226244343889,0.6706431237438989,0.8369587418300652,0.9137791286727458,0.7720965309200603,"[272, 235, 221, 177]"
52,32,128,3,4,128,128,0.0,0.0001,0.0001,37.68382352941176,60.97560975609756,67.2,57.14285714285714,0.21188630490956079,0.6038095238095238,0.6803030303030304,0.5625,0.42459086993970724,0.6203174603174604,0.7166666666666667,0.58125,"[175, 110, 80, 48]"
35,64,32,3,2,64,64,0.1,0.0001,0.001,63.60294117647059,80.05780346820809,78.70036101083032,71.10091743119266,0.5443583118001724,0.7187902187902189,0.723004694835681,0.49723756906077354,0.6343382141831754,0.8003324753324753,0.8139950816007154,0.7387661141804787,"[259, 213, 181, 141]"
50,32,64,4,2,32,32,0.2,0.0001,0.001,60.29411764705882,79.8780487804878,72.90076335877863,67.5392670157068,0.5254091300602929,0.7304116865869853,0.6593137254901961,0.4810379241516965,0.6104794717197818,0.7867972554227534,0.7766923436041083,0.6926147704590818,"[251, 204, 167, 122]"
53,32,64,2,4,32,32,0.0,1e-05,0.001,55.14705882352941,69.0,66.18357487922705,63.503649635036496,0.3927648578811368,0.6521739130434783,0.6656378600823045,0.49166666666666686,0.558670686190066,0.6884661835748792,0.7033068783068783,0.6263888888888889,"[230, 162, 120, 79]"
133,32,128,3,2,64,32,0.0,0.0001,0.0001,56.06617647058824,75.40983606557377,77.39130434782608,67.41573033707866,0.47631352282515044,0.6470588235294116,0.7342342342342343,0.5630341880341879,0.5796726959517656,0.7593370681605977,0.8030630630630631,0.7003205128205128,"[238, 185, 156, 116]"
140,32,32,4,3,32,32,0.0,1e-05,0.0001,40.99264705882353,42.152466367713004,58.51063829787234,38.18181818181819,0.33591731266149866,0.376114081996435,0.44379844961240306,0.28431372549019607,0.449526270456503,0.4500891265597147,0.5872093023255814,0.4019607843137255,"[187, 86, 51, 21]"
73,64,128,3,3,128,128,0.1,0.0001,0.0001,57.53676470588235,77.95527156549521,78.68852459016394,70.3125,0.3720930232558141,0.7545327754532776,0.7912371134020618,0.6140350877192983,0.575466551823141,0.7900860065086006,0.847852233676976,0.7192982456140351,"[239, 194, 171, 127]"
61,32,64,3,4,32,32,0.2,1e-05,0.001,46.13970588235294,48.60557768924303,54.09836065573771,43.93939393939394,0.37123169681309226,0.4314194577352473,0.48030303030303034,0.36507936507936506,0.5033161068044788,0.5107655502392344,0.5454545454545454,0.4365079365079365,"[209, 110, 63, 28]"
158,64,32,2,4,128,32,0.2,1e-05,0.0001,34.375,32.62032085561498,49.18032786885246,26.666666666666668,0.19810508182601202,0.31236897274633124,0.4619883040935672,0.22988505747126434,0.384151593453919,0.33647798742138363,0.49122807017543857,0.2413793103448276,"[159, 57, 29, 7]"
45,128,64,2,3,32,32,0.0,1e-05,0.001,51.28676470588235,72.40143369175627,66.83168316831683,57.03703703703704,0.3634797588285962,0.6614583333333334,0.6551362683438157,0.45416666666666666,0.533175423485501,0.6995907738095237,0.7092392932015574,0.5999999999999999,"[224, 159, 120, 76]"
114,32,128,2,3,128,64,0.2,0.0001,0.0001,36.580882352941174,55.27638190954774,77.27272727272727,70.58823529411765,0.2161929371231695,0.5692007797270955,0.7450980392156863,0.6626016260162602,0.41498708010335916,0.5935672514619883,0.7892156862745098,0.7134146341463414,"[171, 102, 82, 60]"
122,128,32,2,4,64,32,0.1,0.0001,0.0001,40.99264705882353,22.869955156950674,23.52941176470588,58.333333333333336,0.19896640826873385,0.2574955908289242,0.24489795918367346,0.5,0.46124031007751937,0.25132275132275134,0.24489795918367346,0.5833333333333334,"[189, 49, 12, 7]"
64,64,64,3,3,64,64,0.1,1e-05,0.001,58.45588235294118,77.67295597484278,80.5668016194332,68.84422110552764,0.491386735572782,0.6969057665260197,0.7535460992907802,0.5327380952380951,0.5722796439850703,0.7731247069854666,0.8583903242147924,0.7029761904761903,"[237, 188, 168, 124]"
21,64,64,2,2,32,128,0.1,1e-05,0.001,70.40441176470588,86.68407310704961,86.14457831325302,83.91608391608392,0.5676141257536605,0.7785547785547784,0.8187830687830687,0.6687853107344633,0.707249497559575,0.8659188034188035,0.9073034769463341,0.8498587570621469,"[286, 252, 236, 206]"
109,128,64,4,2,32,64,0.1,0.0001,0.0001,60.845588235294116,77.0392749244713,78.43137254901961,70.5,0.44961240310077544,0.6993464052287582,0.7818627450980392,0.5734463276836157,0.6208153890324433,0.7783115468409586,0.8333916900093371,0.7231638418079096,"[255, 204, 177, 131]"
80,64,64,3,4,64,64,0.1,1e-05,0.001,56.61764705882353,79.54545454545455,76.32653061224491,62.56684491978609,0.487510766580534,0.723175965665236,0.7049910873440286,0.4377637130801688,0.5637955785242605,0.7817715784453981,0.8066208301502419,0.6271097046413503,"[233, 187, 158, 105]"
29,128,64,2,2,128,128,0.2,1e-05,0.001,65.99264705882352,83.56545961002786,85.66666666666667,76.26459143968872,0.5443583118001725,0.7493686868686869,0.7900146842878119,0.611111111111111,0.651521676715475,0.8425399831649831,0.8954688483322845,0.7708137715179968,"[264, 227, 213, 171]"
142,128,128,3,4,32,64,0.2,1e-05,0.0001,32.169117647058826,48.0,71.42857142857143,71.66666666666667,0.18001722652885452,0.5022371364653243,0.7025316455696202,0.6016949152542372,0.3597760551248923,0.5302013422818792,0.7278481012658228,0.711864406779661,"[149, 79, 59, 42]"
29,32,128,2,3,64,128,0.1,0.0001,0.001,69.48529411764706,82.53968253968253,84.2948717948718,79.46768060836501,0.5736434108527131,0.749413145539906,0.7791842475386778,0.6131498470948009,0.7007464829170257,0.8186130672926447,0.8867691380349608,0.802446483180428,"[284, 237, 218, 180]"
105,32,32,4,3,128,64,0.0,1e-05,0.0001,55.69852941176471,73.5973597359736,62.78026905829597,58.57142857142858,0.41214470284237675,0.6008583690987125,0.627450980392157,0.5582655826558266,0.5600918748205569,0.719062947067239,0.6805042016806723,0.6070460704607047,"[233, 170, 123, 78]"
39,32,32,2,3,64,64,0.0,1e-05,0.001,57.904411764705884,73.96825396825398,75.53648068669528,62.5,0.52885443583118,0.6694915254237288,0.6675774134790531,0.4594298245614036,0.5745190927361469,0.7535899246704332,0.786351808482956,0.631578947368421,"[236, 183, 152, 101]"
57,128,128,2,3,32,64,0.2,1e-05,0.001,66.91176470588235,80.76923076923077,86.05442176870748,79.05138339920948,0.5228251507321278,0.738537794299876,0.7654600301659126,0.6724422442244223,0.6637094458799885,0.7998244527054936,0.8857897004955828,0.8248349834983498,"[269, 221, 202, 174]"
62,64,128,2,4,32,32,0.1,1e-05,0.001,48.713235294117645,72.45283018867924,65.625,63.49206349206349,0.36434108527131803,0.691869918699187,0.6162280701754387,0.45945945945945954,0.48429514786103917,0.7259485094850949,0.6974937343358396,0.6486486486486487,"[205, 152, 111, 76]"
93,32,32,2,3,32,128,0.0,1e-05,0.0001,49.26470588235294,65.29850746268657,81.14285714285714,65.49295774647888,0.3996554694229112,0.6581395348837209,0.7034632034632036,0.48737373737373746,0.5138242894056847,0.6870801033591731,0.8235930735930737,0.6628787878787878,"[215, 154, 132, 89]"
71,64,128,2,4,64,32,0.2,0.0001,0.001,40.07352941176471,69.72477064220183,65.13157894736842,51.515151515151516,0.26012058570198093,0.6494949494949496,0.6458333333333333,0.4076305220883534,0.4002296870513924,0.6603535353535354,0.6811224489795917,0.5160642570281124,"[165, 112, 83, 47]"
61,32,64,4,3,128,64,0.0,1e-05,0.001,50.55147058823529,68.72727272727272,69.31216931216932,64.8854961832061,0.41343669250645987,0.5918699186991869,0.6431924882629106,0.4719764011799411,0.4951478610393338,0.6722899728997289,0.7484406438631791,0.6445427728613569,"[205, 142, 113, 76]"
62,64,32,4,2,128,32,0.2,0.0001,0.001,52.94117647058824,59.375,57.89473684210527,46.464646464646464,0.4125753660637382,0.5176651305683564,0.5726817042606517,0.3460144927536231,0.5161642262417455,0.5841141833077316,0.6385606874328679,0.45289855072463764,"[217, 133, 92, 43]"
76,64,64,2,4,128,128,0.2,0.0001,0.0001,35.11029411764706,55.497382198952884,58.490566037735846,67.74193548387096,0.20068906115417745,0.5602409638554217,0.5555555555555556,0.6186440677966102,0.400947459086994,0.5669344042838019,0.5920138888888888,0.6779661016949152,"[166, 96, 59, 41]"
49,128,64,2,2,64,32,0.1,1e-05,0.001,57.904411764705884,73.33333333333333,81.81818181818183,70.37037037037037,0.5073212747631352,0.6905766526019692,0.7261261261261261,0.5393939393939392,0.5776198679299454,0.7521683075480544,0.8559716859716858,0.7171717171717171,"[237, 185, 165, 122]"
38,128,64,2,3,64,64,0.1,0.0001,0.001,58.08823529411765,77.84810126582279,78.86178861788618,75.25773195876289,0.49440137812230833,0.7004048582995953,0.7310996563573885,0.5724206349206348,0.5945736434108526,0.7676563202878991,0.8308910162002946,0.7714285714285712,"[247, 194, 168, 136]"
90,64,64,3,2,128,64,0.1,0.0001,0.0001,59.74264705882353,76.3076923076923,79.43548387096774,72.08121827411168,0.48062015503876,0.6999999999999998,0.7416666666666667,0.5695238095238094,0.6042779213321848,0.7727222222222223,0.8401785714285714,0.74,"[250, 200, 175, 135]"
89,32,128,4,3,32,128,0.1,0.0001,0.0001,63.05147058823529,74.05247813411079,78.74015748031496,73.5,0.3643410852713179,0.7139107611548556,0.8272884283246977,0.6926782273603082,0.614398507034166,0.7346347331583553,0.849013076733284,0.7543352601156069,"[254, 193, 173, 136]"
20,128,128,3,2,32,128,0.1,0.0001,0.001,68.56617647058823,87.39946380697052,84.3558282208589,82.54545454545455,0.5447889750215332,0.7804136253041363,0.8251028806584363,0.66231884057971,0.6778351995406259,0.8691707218167072,0.9025181265922007,0.8344927536231884,"[274, 243, 230, 197]"
45,32,64,2,4,64,64,0.0,1e-05,0.001,55.51470588235294,74.50331125827815,72.88888888888889,62.80487804878049,0.47028423772609806,0.688888888888889,0.7302504816955685,0.439080459770115,0.5422193511340798,0.7391975308641975,0.800055050922103,0.6344827586206897,"[225, 173, 145, 96]"
108,128,32,2,3,64,32,0.2,1e-05,0.0001,32.536764705882355,13.559322033898304,54.166666666666664,46.15384615384615,0.17743324720068906,0.1588366890380313,0.4791666666666667,0.38461538461538464,0.36149870801033596,0.1476510067114094,0.5416666666666666,0.46153846153846156,"[149, 24, 13, 6]"
107,64,128,4,2,64,64,0.2,1e-05,0.0001,63.05147058823529,77.55102040816327,80.45112781954887,71.96261682242991,0.4711455641688199,0.6981981981981986,0.782051282051282,0.6141304347826086,0.6336922193511342,0.781842556842557,0.8484890109890111,0.7300724637681159,"[259, 208, 184, 139]"
135,32,128,3,2,128,32,0.1,0.0001,0.0001,52.20588235294118,76.05633802816901,70.37037037037037,66.44736842105263,0.38329026701119717,0.6559633027522934,0.7065439672801636,0.5766423357664232,0.5281797301177146,0.732861875637105,0.7795135845749342,0.6727493917274939,"[218, 163, 137, 96]"
46,32,64,4,2,128,64,0.2,0.0001,0.001,54.779411764705884,67.78523489932886,73.76237623762376,57.04697986577181,0.48751076658053416,0.6553030303030303,0.6645962732919255,0.3893034825870647,0.5237008326155612,0.7019823232323232,0.7954747116237798,0.5696517412935324,"[220, 161, 134, 79]"
61,64,32,3,3,128,128,0.0,0.0001,0.0001,56.43382352941176,68.72964169381108,73.93364928909952,58.97435897435898,0.36347975882859607,0.6450488145048816,0.707843137254902,0.5611510791366906,0.5724519092736147,0.6989191073919108,0.7863865546218487,0.6115107913669064,"[239, 170, 139, 90]"
70,64,128,2,3,64,128,0.0,1e-05,0.0001,51.83823529411765,66.66666666666666,76.59574468085107,73.61111111111111,0.35055986218776913,0.6557971014492753,0.7473794549266248,0.6169154228855721,0.547674418604651,0.6797101449275361,0.8118448637316562,0.7524875621890547,"[230, 159, 134, 105]"
59,64,128,2,4,128,128,0.0,1e-05,0.001,61.76470588235294,77.08333333333334,79.92277992277992,80.67632850241546,0.5099052540913008,0.6851851851851851,0.7537688442211053,0.6231060606060606,0.6149153028997989,0.7733134920634921,0.8379038047379757,0.8078598484848485,"[252, 199, 176, 145]"
38,32,32,3,3,128,64,0.0,0.0001,0.001,49.63235294117647,58.51851851851851,63.29113924050633,57.99999999999999,0.421188630490956,0.5398373983739838,0.6115591397849462,0.3722222222222221,0.4904536319265001,0.5794986449864499,0.6869815668202764,0.5796296296296296,"[205, 124, 90, 55]"
118,32,64,3,3,128,32,0.1,0.0001,0.0001,44.11764705882353,52.916666666666664,57.48031496062992,50.68493150684932,0.2670111972437555,0.5414593698175787,0.5246376811594202,0.45652173913043476,0.4901808785529715,0.5597014925373134,0.591304347826087,0.5217391304347826,"[201, 115, 69, 37]"
54,128,64,4,3,32,64,0.2,0.0001,0.001,62.5,81.47058823529412,82.67148014440433,72.48908296943232,0.5538329026701119,0.722007722007722,0.739197530864198,0.5598290598290596,0.6314527706000573,0.8061239811239811,0.8686618165784833,0.7364102564102564,"[259, 216, 195, 150]"
115,32,32,3,3,32,64,0.0,1e-05,0.0001,47.05882352941176,61.71875,74.0506329113924,56.41025641025641,0.36347975882859596,0.5782472613458529,0.6631455399061033,0.4880952380952381,0.5147286821705426,0.6549295774647887,0.7605633802816901,0.5758928571428571,"[213, 142, 112, 66]"
144,32,128,4,3,32,64,0.1,1e-05,0.0001,55.14705882352941,72.66666666666667,73.39449541284404,70.0,0.3496985357450474,0.665948275862069,0.7771535580524344,0.6342281879194631,0.5657766293425207,0.7468271072796935,0.7901284109149277,0.7046979865771812,"[232, 178, 149, 108]"
41,32,128,3,2,32,32,0.1,0.0001,0.001,60.845588235294116,77.0392749244713,79.6078431372549,69.45812807881774,0.5004306632213609,0.7029569892473119,0.7634680134680135,0.5502793296089384,0.5976887740453631,0.7742271505376344,0.8592712842712843,0.718808193668529,"[248, 198, 179, 136]"
41,64,32,3,3,32,64,0.0,1e-05,0.001,56.61764705882353,74.67532467532467,78.26086956521739,69.44444444444444,0.515934539190353,0.6829096045197739,0.6444444444444444,0.5576923076923077,0.5715044501866207,0.7391360640301318,0.8379232804232805,0.7108974358974359,"[236, 180, 156, 116]"
115,128,32,2,3,32,128,0.2,0.0001,0.0001,53.86029411764706,74.74402730375427,76.71232876712328,70.83333333333334,0.371231696813092,0.7343987823439879,0.7413793103448276,0.5736961451247166,0.5314527706000574,0.7692161339421614,0.8119868637110016,0.7324263038548753,"[219, 174, 147, 113]"
89,64,128,3,4,128,32,0.2,0.0001,0.0001,31.433823529411764,35.67251461988304,42.62295081967213,15.384615384615385,0.20241171403962094,0.28538812785388123,0.42105263157894735,0.14,0.35658914728682173,0.3801369863013699,0.4298245614035088,0.16,"[146, 57, 25, 4]"
56,64,64,2,4,32,32,0.0,1e-05,0.001,50.91911764705882,66.4259927797834,69.56521739130434,57.8125,0.37639965546942317,0.6162962962962963,0.6376344086021504,0.5013774104683195,0.5448751076658053,0.6585185185185185,0.7396774193548388,0.5743801652892562,"[225, 155, 121, 72]"
134,32,32,3,4,64,32,0.1,1e-05,0.0001,36.213235294117645,24.873096446700508,26.53061224489796,53.84615384615385,0.23686477174849252,0.25588235294117645,0.2826086956521739,0.38461538461538464,0.40060292850990525,0.2637254901960784,0.2826086956521739,0.5384615384615384,"[170, 46, 13, 7]"
78,32,128,3,3,64,128,0.0,0.0001,0.0001,57.720588235294116,72.92993630573248,79.03930131004367,69.06077348066299,0.31266149870801,0.7185338865836792,0.7955801104972378,0.6624203821656051,0.5830749354005169,0.7307976025818351,0.8289134438305709,0.7208067940552016,"[241, 181, 157, 117]"
95,128,64,3,4,128,64,0.0,1e-05,0.0001,40.44117647058824,49.09090909090909,45.370370370370374,32.6530612244898,0.33763996554694237,0.39909909909909913,0.40780141843971635,0.3068181818181818,0.4411714039621016,0.49909909909909916,0.44680851063829785,0.32575757575757575,"[185, 94, 44, 16]"
156,64,32,4,2,128,32,0.1,0.0001,0.0001,57.35294117647059,77.24358974358975,71.78423236514523,59.53757225433526,0.5211024978466842,0.6728907330567081,0.6419753086419756,0.4668803418803418,0.5821848980763709,0.7634278469340708,0.7824766943814562,0.6143162393162394,"[241, 189, 156, 101]"
37,128,32,3,2,64,32,0.0,0.0001,0.001,58.63970588235294,69.59247648902821,70.72072072072072,61.146496815286625,0.4978466838931954,0.6652542372881357,0.6114285714285714,0.4396135265700484,0.5749497559575079,0.7175729755178907,0.7458231292517007,0.6074879227053139,"[236, 175, 138, 88]"
97,128,32,4,4,128,128,0.2,0.0001,0.0001,47.794117647058826,66.53846153846153,68.78612716763006,66.38655462184873,0.30490956072351416,0.6682027649769585,0.6677852348993288,0.528023598820059,0.5220499569336778,0.6730670762928826,0.7304250559284117,0.672566371681416,"[217, 149, 113, 78]"
103,32,32,4,2,64,64,0.0,0.0001,0.0001,63.41911764705882,78.55072463768116,76.01476014760148,71.84466019417476,0.4797588285960382,0.6990920881971467,0.7616747181964574,0.5833333333333331,0.6232271030720643,0.7807501080847384,0.8289625028755464,0.7222222222222222,"[257, 207, 180, 135]"
47,64,64,3,4,128,32,0.2,1e-05,0.001,44.11764705882353,45.416666666666664,42.201834862385326,23.91304347826087,0.342807924203273,0.37878787878787895,0.35353535353535354,0.23863636363636365,0.4720930232558139,0.4890572390572391,0.42424242424242425,0.23863636363636365,"[198, 99, 44, 11]"
87,64,128,4,4,32,32,0.1,1e-05,0.001,52.75735294117647,71.0801393728223,74.50980392156863,58.55263157894737,0.4565030146425495,0.6244343891402716,0.6937500000000001,0.4618320610687023,0.5206431237438989,0.7002890899949723,0.7885119047619048,0.6017811704834606,"[221, 160, 131, 84]"
75,128,64,4,2,32,128,0.0,1e-05,0.0001,63.60294117647059,79.76878612716763,82.2463768115942,73.568281938326,0.491817398794143,0.7207207207207207,0.7934272300469483,0.6037234042553189,0.626973873097904,0.7985306735306735,0.8553767046724793,0.750531914893617,"[259, 213, 188, 149]"
82,128,32,3,4,32,64,0.0,0.0001,0.0001,27.941176470588236,29.605263157894733,46.666666666666664,28.57142857142857,0.14125753660637397,0.330749354005168,0.46969696969696967,0.23015873015873017,0.30835486649440136,0.32945736434108525,0.4772727272727273,0.2857142857142857,"[129, 44, 21, 6]"
91,32,32,3,4,64,32,0.0,0.0001,0.0001,29.59558823529412,28.57142857142857,47.82608695652174,13.636363636363635,0.1670973298880276,0.2358024691358025,0.5333333333333334,0.13636363636363635,0.3270456503014642,0.2851851851851852,0.5375,0.13636363636363635,"[135, 40, 22, 3]"
83,128,128,2,2,128,64,0.0,1e-05,0.0001,63.970588235294116,82.18390804597702,82.51748251748252,66.10169491525424,0.496124031007752,0.7464878671775224,0.7831050228310504,0.5769881556683586,0.637998851564743,0.8152724563644104,0.8697434224831484,0.6810490693739424,"[261, 219, 197, 145]"
37,64,64,4,4,64,128,0.0,0.0001,0.001,58.45588235294118,80.50314465408806,80.46875,75.72815533980582,0.5193798449612401,0.7352537722908096,0.7404643449419571,0.5426136363636362,0.5934969853574504,0.8077274805669867,0.8425846955697702,0.7665719696969696,"[243, 201, 176, 140]"
49,64,128,4,3,32,64,0.1,1e-05,0.001,63.23529411764706,82.26744186046511,79.50530035335689,75.55555555555556,0.5142118863049093,0.7742363877822043,0.744496855345912,0.5828924162257494,0.6146138386448463,0.8220340858787075,0.8501403863432165,0.7720458553791887,"[251, 212, 189, 152]"
137,32,32,3,3,128,32,0.0,1e-05,0.0001,48.345588235294116,60.836501901140686,65.625,47.61904761904761,0.33850129198966417,0.5355987055016181,0.5945273631840795,0.4609929078014184,0.5015216767154751,0.6365291262135923,0.6878109452736318,0.5141843971631206,"[206, 134, 94, 50]"
37,128,64,4,4,64,128,0.2,1e-05,0.001,52.57352941176471,72.37762237762237,74.39613526570048,62.33766233766234,0.4849267872523686,0.6403903903903905,0.6808943089430897,0.4053030303030305,0.5298162503588859,0.7234109109109109,0.7726771196283391,0.6244949494949495,"[222, 164, 132, 86]"
85,64,128,4,3,32,128,0.2,0.0001,0.0001,51.470588235294116,70.71428571428572,83.33333333333334,72.72727272727273,0.34625322997416014,0.6651917404129793,0.7914171656686628,0.6578366445916114,0.5440137812230836,0.7177974434611601,0.8702594810379242,0.749448123620309,"[226, 167, 151, 117]"
78,128,128,2,2,32,128,0.2,1e-05,0.0001,58.45588235294118,74.21383647798741,84.32203389830508,72.8643216080402,0.4091300602928507,0.7091767881241564,0.7975567190226872,0.6257309941520467,0.5957795004306632,0.7573099415204678,0.8660558464223386,0.7499025341130605,"[247, 191, 171, 132]"
42,64,64,3,4,64,64,0.0,0.0001,0.001,54.595588235294116,74.74747474747475,73.87387387387388,64.63414634146342,0.45219638242894056,0.6970370370370371,0.7394636015325672,0.4657534246575342,0.5459661211599196,0.7460123456790123,0.7974822112753147,0.6700913242009132,"[225, 174, 146, 104]"
129,128,64,2,4,128,32,0.2,1e-05,0.0001,35.47794117647059,16.06217616580311,48.38709677419355,33.33333333333333,0.17915590008613275,0.18813905930470345,0.46774193548387094,0.26666666666666666,0.3950904392764858,0.17484662576687116,0.4838709677419355,0.3333333333333333,"[163, 31, 15, 5]"
