#epochs,encoder_embedding_dim,decoder_embedding_dim,enc_layers,dec_layers,enc_hidden_units,dec_hidden_units,dropout,weight_decay,learning_rate,Precision nivel1,Precision nivel2,Precision nivel3,Precision nivel4,Recall nivel1,Recall nivel2,Recall nivel3,Recall nivel4,Drugs that have at least one match,Precision,Recall,F1
68,128,128,4,3,64,128,0.1,1e-05,0.0001,0.38181818181818183,0.7148318042813455,0.7967244701348747,0.6066252587991717,0.5200886415172129,0.7779434250764528,0.8953344343517754,0.7163561076604554,"[218, 173, 161, 120]",0.10909090909090911,0.2625025767882911,0.14839414553700261
95,128,64,4,4,64,128,0.2,1e-05,0.0001,0.23809523809523797,0.5949720670391061,0.775,0.5884353741496599,0.4266790352504638,0.6629422718808194,0.7826388888888889,0.6513605442176871,"[179, 120, 98, 67]",0.05887445887445884,0.14230055658627086,0.0800700886415172
76,64,128,3,3,32,128,0.1,1e-05,0.0001,0.37142857142857155,0.7317073170731706,0.8184523809523809,0.5443722943722943,0.5062420119562976,0.8107723577235773,0.8778344671201814,0.698051948051948,"[205, 168, 154, 111]",0.10389610389610392,0.25248402391259533,0.14145537002679856
102,64,128,3,4,32,128,0.1,1e-05,0.0001,0.2658008658008658,0.6822916666666666,0.7355889724310779,0.5585585585585585,0.4663141620284478,0.6857638888888888,0.793233082706767,0.6906906906906908,"[192, 133, 111, 79]",0.07012987012987006,0.16957328385899817,0.09551020408163262
60,128,64,2,2,128,128,0.0,0.0001,0.0001,0.43896103896103866,0.7736535662299855,0.8065326633165829,0.5589318600368323,0.557540713254999,0.8442867540029113,0.8767647762622637,0.7302025782688767,"[229, 199, 181, 138]",0.13246753246753265,0.30445062873634304,0.1766687280972995
84,64,128,2,2,64,128,0.2,1e-05,0.0001,0.39653679653679624,0.7590975254730715,0.8723958333333335,0.6785063752276865,0.5574788703360132,0.8224526928675401,0.9139384920634921,0.8173952641165755,"[229, 192, 183, 154]",0.15151515151515174,0.34912595341166774,0.20210472067614915
20,128,64,2,2,64,128,0.2,0.0001,0.001,0.5411255411255407,0.7635658914728681,0.778023598820059,0.613526570048309,0.6302679859822717,0.8575904392764857,0.8847134428992837,0.8011272141706924,"[258, 226, 207, 173]",0.16709956709956736,0.38585034013605446,0.22303648732220158
116,128,64,2,2,64,64,0.2,0.0001,0.0001,0.4086580086580088,0.6821705426356589,0.8096590909090909,0.5432489451476792,0.5169346526489383,0.8054651162790699,0.8622835497835498,0.7088607594936709,"[215, 176, 158, 115]",0.10562770562770565,0.2550092764378479,0.1439290867862296
117,64,64,3,3,32,128,0.2,1e-05,0.0001,0.33160173160173156,0.727124183006536,0.8249475890985323,0.6227477477477478,0.4951412079983508,0.7654003267973856,0.8876909254267746,0.7274774774774775,"[204, 159, 148, 113]",0.10303030303030304,0.2488188002473717,0.14003916718202428
51,128,64,2,3,128,64,0.0,1e-05,0.001,0.4528138528138528,0.6756097560975611,0.7735849056603773,0.5011337868480725,0.48849309420737996,0.7514227642276423,0.8837226714585205,0.7131519274376418,"[205, 159, 147, 110]",0.10216450216450221,0.23302205730777162,0.1360049474335188
114,128,128,4,2,32,64,0.0,1e-05,0.0001,0.4337662337662337,0.6493775933609957,0.8198924731182796,0.6309523809523808,0.5773242630385488,0.7568810511756571,0.865463389656938,0.7827380952380952,"[241, 186, 168, 136]",0.12727272727272743,0.2939311482168625,0.16937332508761074
87,128,64,3,2,32,128,0.2,1e-05,0.0001,0.4385281385281386,0.7471751412429379,0.8465346534653465,0.577601410934744,0.5717398474541332,0.840430790960452,0.8998114097123998,0.7173721340388006,"[236, 202, 189, 142]",0.13852813852813875,0.3128344671201814,0.1824139352710781
55,128,64,2,3,128,64,0.1,0.0001,0.001,0.503030303030303,0.6849507735583686,0.7402707275803723,0.5282651072124757,0.5713811585240157,0.8073488045007032,0.8359318346627992,0.7066276803118908,"[237, 197, 171, 125]",0.11688311688311692,0.27316635745207174,0.15666872809729945
33,128,64,4,2,128,128,0.0,1e-05,0.001,0.4900432900432897,0.731060606060606,0.7044198895027625,0.5061728395061726,0.5340775097917956,0.798030303030303,0.8492173112338859,0.73559670781893,"[220, 181, 162, 125]",0.1151515151515152,0.2616800659657803,0.152209853638425
71,128,128,2,4,128,128,0.0,1e-05,0.0001,0.31428571428571433,0.6377887788778879,0.6855791962174941,0.4564564564564565,0.4839455782312926,0.6881188118811881,0.7547281323877069,0.5555555555555556,"[202, 141, 111, 63]",0.05714285714285713,0.13286332714904142,0.07625850340136053
127,64,64,3,4,128,64,0.2,1e-05,0.0001,0.21904761904761888,0.596875,0.6241830065359477,0.4652777777777778,0.38005565862708723,0.6247916666666666,0.6642156862745098,0.5347222222222222,"[160, 102, 72, 40]",0.034632034632034646,0.08457019171304886,0.047408781694495986
99,128,128,3,4,64,64,0.1,0.0001,0.0001,0.18441558441558442,0.4452214452214452,0.636150234741784,0.5104166666666666,0.34810760667903523,0.4871794871794872,0.6572769953051643,0.5416666666666666,"[143, 71, 48, 27]",0.02424242424242424,0.05745207173778603,0.03222016079158936
25,128,64,2,3,32,128,0.2,0.0001,0.001,0.49956709956709944,0.728744939271255,0.7462686567164177,0.6757246376811592,0.6025005153576583,0.7939608636977059,0.8833807154702678,0.8568840579710144,"[247, 201, 184, 163]",0.1614718614718617,0.36602350030921466,0.21439290867862287
46,64,64,4,4,32,128,0.2,0.0001,0.001,0.5186147186147184,0.7323651452282156,0.735,0.6263736263736263,0.5807008864151721,0.807088520055325,0.8826309523809521,0.8301282051282051,"[241, 200, 182, 158]",0.15238095238095262,0.34451865594722736,0.2014079571222428
92,128,64,3,2,128,64,0.1,1e-05,0.0001,0.4701298701298699,0.7173611111111113,0.7925,0.5800376647834273,0.5810039167182025,0.8108680555555556,0.8508928571428572,0.7429378531073446,"[240, 200, 177, 137]",0.12857142857142875,0.29564831993403423,0.17092558235415373
76,64,128,2,4,64,128,0.0,1e-05,0.0001,0.2277056277056276,0.5908239700374532,0.7931547619047619,0.5501792114695341,0.42652442795299933,0.6235955056179775,0.8013392857142857,0.6487455197132617,"[178, 112, 93, 62]",0.05454545454545453,0.12896722325293755,0.07310039167182021
62,64,64,4,2,64,128,0.0,1e-05,0.0001,0.4480519480519478,0.7210451977401131,0.8039723661485318,0.6054613935969865,0.574510410224696,0.7966454802259886,0.8929805082654824,0.7871939736346515,"[236, 193, 177, 146]",0.1385281385281387,0.3225273139558854,0.18485673057101626
79,128,128,4,4,32,128,0.0,1e-05,0.0001,0.316017316017316,0.5671641791044777,0.7418546365914787,0.5272727272727273,0.4848423005565863,0.6492537313432836,0.7819548872180451,0.6121212121212122,"[201, 133, 110, 69]",0.0623376623376623,0.14684601113172543,0.08400329828901255
37,64,64,4,4,32,64,0.0,0.0001,0.001,0.4069264069264068,0.6961722488038279,0.6835443037974686,0.49242424242424254,0.5045227788084932,0.7397527910685806,0.8017631103074141,0.6553030303030303,"[209, 158, 132, 91]",0.0839826839826839,0.19808699237270666,0.11279529993815705
28,128,64,3,4,32,128,0.0,1e-05,0.001,0.4718614718614717,0.7459259259259259,0.7589605734767024,0.5616161616161617,0.5456916099773242,0.8067037037037039,0.8603174603174604,0.793939393939394,"[225, 186, 165, 136]",0.13419913419913435,0.3035168006596578,0.17751185322613888
36,128,64,3,2,128,64,0.1,0.0001,0.001,0.4735930735930738,0.6795454545454546,0.764932562620424,0.4912854030501086,0.532519068233354,0.7736742424242424,0.8382191026699697,0.7058823529411765,"[220, 173, 153, 114]",0.10735930735930739,0.24555761698618847,0.14159760874046584
93,128,128,2,4,64,64,0.0,1e-05,0.0001,0.232034632034632,0.25791433891992555,0.45454545454545453,0.36538461538461536,0.4342115027829313,0.29888268156424586,0.45454545454545453,0.34615384615384615,"[179, 55, 26, 10]",0.008658008658008658,0.020346320346320345,0.011774891774891775
95,64,64,4,4,32,128,0.1,1e-05,0.0001,0.32813852813852823,0.6252158894645943,0.7183098591549296,0.4507246376811594,0.45785611214182637,0.72646804835924,0.7748993963782695,0.5478260869565217,"[193, 142, 115, 65]",0.058008658008657975,0.14387755102040817,0.08022263450834877
34,128,128,3,2,32,64,0.2,0.0001,0.001,0.4917748917748917,0.7688172043010751,0.82398753894081,0.6355218855218855,0.6016594516594518,0.849361559139785,0.8898531375166888,0.8207070707070707,"[248, 214, 198, 168]",0.16796536796536823,0.37759224902082045,0.22116058544629966
83,64,64,4,4,32,128,0.0,0.0001,0.0001,0.2744588744588744,0.5461538461538462,0.7602339181286549,0.5894736842105263,0.47386518243661097,0.5811965811965812,0.7953216374269007,0.7035087719298245,"[195, 114, 95, 68]",0.06233766233766231,0.15225726654298083,0.08487322201607916
41,128,64,2,3,64,64,0.0,1e-05,0.001,0.45367965367965357,0.6522727272727272,0.7602880658436216,0.5381944444444444,0.5381034838177696,0.7151136363636365,0.8465608465608467,0.7766203703703703,"[220, 162, 144, 118]",0.11168831168831173,0.2579571222428365,0.14893424036281172
124,64,128,2,3,64,64,0.2,1e-05,0.0001,0.3116883116883117,0.6692573402417963,0.7233796296296297,0.5042735042735044,0.467439703153989,0.7392055267702937,0.7789351851851852,0.6367521367521367,"[193, 144, 117, 77]",0.06926406926406921,0.16892393320964746,0.09469387755102039
42,128,64,4,4,32,64,0.2,0.0001,0.001,0.43463203463203454,0.6791044776119405,0.7019867549668876,0.4694656488549619,0.4817522160379302,0.7371890547263681,0.8346736045411541,0.6501272264631044,"[201, 151, 131, 90]",0.08225108225108216,0.19908266336837765,0.11175015460729743
59,64,128,4,4,32,64,0.0,1e-05,0.0001,0.1670995670995673,0.18674698795180722,0.25806451612903225,0.35,0.40395176252319104,0.18473895582329317,0.3225806451612903,0.4,"[166, 31, 10, 4]",0.003463203463203463,0.007792207792207792,0.0046753246753246745
43,64,128,4,2,128,64,0.1,0.0001,0.001,0.48917748917748916,0.7034534534534533,0.7156308851224106,0.48903508771929804,0.5396990311276026,0.7808183183183183,0.8182674199623353,0.712719298245614,"[222, 177, 152, 114]",0.10649350649350652,0.24346938775510202,0.14157287157287152
64,128,128,4,4,128,128,0.2,0.0001,0.0001,0.25887445887445887,0.38709677419354827,0.7489451476793249,0.5138888888888888,0.37338280766852194,0.5064516129032258,0.7426160337552742,0.6333333333333333,"[155, 79, 60, 39]",0.03549783549783551,0.08327149041434756,0.0479282622139765
29,128,64,2,3,32,64,0.0,1e-05,0.001,0.476190476190476,0.6226138032305434,0.7561904761904761,0.5577342047930282,0.5451721294578438,0.7516519823788547,0.8405442176870749,0.7026143790849673,"[227, 175, 153, 114]",0.10649350649350654,0.2432673675530819,0.14082457225314363
94,64,64,3,3,128,64,0.1,1e-05,0.0001,0.3999999999999999,0.4799382716049384,0.6010101010101009,0.4685185185185185,0.5268975468975469,0.5923996913580246,0.6423160173160174,0.5611111111111111,"[216, 132, 90, 53]",0.04675324675324676,0.10955473098330241,0.062444856730571006
25,64,64,3,2,32,128,0.2,0.0001,0.001,0.5186147186147186,0.7654088050314465,0.8421439060205577,0.6643410852713179,0.6505772005772006,0.8392767295597484,0.9125235997482694,0.842248062015504,"[265, 227, 215, 188]",0.18701298701298713,0.42736549165120596,0.2486559472273758
65,64,128,3,4,64,64,0.1,0.0001,0.0001,0.16796536796536815,0.3881720430107527,0.5078125,0.446078431372549,0.3779777365491651,0.410752688172043,0.5260416666666667,0.4411764705882353,"[155, 64, 34, 16]",0.014718614718614714,0.03342609771181199,0.01901051329622758
27,64,64,3,3,128,64,0.0,0.0001,0.001,0.43030303030303013,0.4686971235194587,0.5952380952380953,0.2926829268292683,0.4683570397856113,0.5888747884940778,0.6480592236894758,0.4146341463414634,"[197, 119, 82, 34]",0.03203463203463205,0.07438672438672438,0.042560296846011134
24,128,128,3,2,32,64,0.0,1e-05,0.001,0.4584415584415582,0.7789256198347108,0.8309968847352024,0.6247906197654939,0.5899649556792415,0.8621556473829203,0.9015353805073432,0.7788944723618092,"[242, 214, 199, 162]",0.15844155844155877,0.3619686662543806,0.21018965161822312
80,128,64,2,2,64,128,0.1,1e-05,0.0001,0.4354978354978356,0.7103004291845494,0.8316326530612245,0.6070763500931098,0.5587095444238301,0.8226394849785408,0.8791302235179785,0.7518621973929236,"[233, 196, 179, 141]",0.13333333333333347,0.3011605854462998,0.17616161616161613
31,128,64,2,4,128,128,0.2,1e-05,0.001,0.41731601731601736,0.5563973063973063,0.6967418546365914,0.4075757575757576,0.4738548752834467,0.648611111111111,0.7872359470103831,0.5515151515151515,"[198, 133, 110, 64]",0.06060606060606057,0.13835085549371265,0.07963718820861676
89,64,64,4,4,128,64,0.2,0.0001,0.0001,0.19220779220779233,0.3803763440860215,0.5527777777777777,0.4722222222222222,0.2983240568954854,0.4811827956989247,0.5777777777777778,0.5694444444444444,"[124, 60, 36, 22]",0.01904761904761904,0.04511440940012369,0.025244279529993825
50,64,64,2,3,64,64,0.2,0.0001,0.001,0.4744588744588744,0.7795454545454545,0.7282986111111112,0.5470588235294118,0.5416408987837559,0.8445833333333334,0.8464161706349206,0.7470588235294118,"[220, 192, 170, 135]",0.12900432900432912,0.29516800659657805,0.17109255823541533
34,128,128,4,4,128,128,0.0,1e-05,0.001,0.42597402597402617,0.5458553791887125,0.6573333333333333,0.3207885304659498,0.4543063285920429,0.6420194003527336,0.6992380952380952,0.5349462365591398,"[189, 125, 93, 53]",0.048484848484848485,0.11406926406926406,0.06472479901051327
29,64,128,3,3,64,128,0.0,1e-05,0.001,0.5108225108225106,0.756,0.7723765432098765,0.5969387755102039,0.6042754071325501,0.8476999999999999,0.8765983245149911,0.792517006802721,"[250, 216, 196, 161]",0.1588744588744592,0.36012162440733875,0.21037518037518035
127,64,128,3,4,32,64,0.2,0.0001,0.0001,0.18961038961038965,0.5277777777777778,0.6856060606060607,0.5529100529100528,0.34940630797773653,0.6064814814814814,0.6875,0.626984126984127,"[144, 88, 63, 41]",0.035497835497835514,0.09019789734075448,0.049400123685837974
55,64,64,3,4,64,128,0.2,1e-05,0.001,0.4805194805194805,0.7165242165242165,0.7620274914089347,0.6390423572744014,0.5711461554318696,0.8031695156695158,0.9047005400098183,0.7928176795580111,"[234, 194, 181, 149]",0.14545454545454564,0.3380395794681509,0.1946773861059575
