,Number of ATC Codes
0,1
1,1
2,1
3,1
4,1
5,1
6,2
7,1
8,1
9,2
10,1
11,1
12,1
13,4
14,1
15,1
16,2
17,2
18,1
19,2
20,1
21,1
22,1
23,3
24,4
25,2
26,1
27,3
28,1
29,3
30,1
31,5
32,5
33,1
34,2
35,1
36,1
37,1
38,1
39,1
40,1
41,2
42,1
43,1
44,2
45,2
46,2
47,3
48,1
49,1
50,3
51,1
52,3
53,1
54,2
55,1
56,2
57,2
58,3
59,1
60,2
61,1
62,1
63,2
64,2
65,1
66,1
67,1
68,2
69,1
70,1
71,2
72,2
73,1
74,1
75,2
76,1
77,1
78,2
79,1
80,1
81,1
82,1
83,1
84,1
85,2
86,2
87,2
88,1
89,2
90,1
91,1
92,1
93,1
94,1
95,2
96,3
97,2
98,1
99,1
100,1
101,2
102,3
103,1
104,3
105,3
106,1
107,1
108,1
109,3
110,5
111,1
112,3
113,1
114,1
115,2
116,1
117,4
118,1
119,2
120,1
121,1
122,1
123,7
124,1
125,2
126,2
127,1
128,1
129,1
130,1
131,1
132,1
133,1
134,1
135,1
136,3
137,1
138,1
139,1
140,2
141,2
142,2
143,1
144,1
145,4
146,1
147,1
148,2
149,1
150,1
151,4
152,2
153,1
154,1
155,2
156,2
157,3
158,2
159,1
160,2
161,1
162,1
163,9
164,1
165,1
166,2
167,5
168,2
169,2
170,3
171,2
172,1
173,5
174,6
175,1
176,2
177,2
178,1
179,2
180,1
181,2
182,1
183,1
184,1
185,1
186,1
187,2
188,1
189,2
190,1
191,1
192,1
193,1
194,2
195,4
196,1
197,1
198,1
199,1
200,1
201,6
202,1
203,1
204,1
205,2
206,1
207,4
208,1
209,1
210,1
211,3
212,1
213,9
214,1
215,2
216,1
217,1
218,1
219,7
220,1
221,1
222,1
223,1
224,1
225,7
226,1
227,2
228,1
229,2
230,2
231,2
232,1
233,1
234,1
235,1
236,2
237,1
238,1
239,2
240,2
241,2
242,1
243,2
244,3
245,2
246,2
247,1
248,1
249,1
250,1
251,1
252,3
253,1
254,2
255,1
256,1
257,1
258,1
259,2
260,1
261,1
262,4
263,1
264,1
265,1
266,3
267,1
268,1
269,16
270,1
271,1
272,7
273,1
274,2
275,1
276,1
277,1
278,3
279,2
280,1
281,1
282,2
283,1
284,1
285,1
286,1
287,3
288,1
289,2
290,1
291,1
292,1
293,2
294,3
295,1
296,1
297,1
298,1
299,4
300,1
301,1
302,5
303,3
304,2
305,1
306,1
307,1
308,3
309,1
310,1
311,2
312,1
313,1
314,2
315,1
316,2
317,1
318,1
319,2
320,1
321,1
322,3
323,1
324,1
325,1
326,1
327,3
328,1
329,3
330,1
331,2
332,1
333,2
334,3
335,3
336,1
337,5
338,3
339,1
340,2
341,1
342,1
343,1
344,1
345,5
346,1
347,1
348,1
349,3
350,1
351,1
352,1
353,2
354,1
355,1
356,1
357,1
358,1
359,2
360,3
361,1
362,1
363,1
364,2
365,1
366,1
367,1
368,2
369,1
370,1
371,1
372,1
373,1
374,1
375,3
376,3
377,1
378,2
379,4
380,5
381,1
382,2
383,1
384,2
385,1
386,1
387,1
388,3
389,1
390,5
391,2
392,2
393,8
394,1
395,1
396,1
397,5
398,2
399,3
400,3
401,1
402,1
403,6
404,1
405,1
406,3
407,2
408,2
409,1
410,1
411,1
412,5
413,2
414,2
415,1
416,2
417,2
418,11
419,1
420,1
421,1
422,2
423,2
424,4
425,3
426,1
427,2
428,1
429,1
430,1
431,3
432,2
433,1
434,1
435,1
436,1
437,4
438,1
439,1
440,2
441,3
442,1
443,1
444,2
445,2
446,1
447,1
448,2
449,1
450,1
451,1
452,2
453,1
454,5
455,3
456,1
457,1
458,7
459,2
460,1
461,2
462,2
463,1
464,1
465,1
466,1
467,3
468,1
469,1
470,4
471,1
472,1
473,2
474,1
475,2
476,4
477,1
478,2
479,1
480,1
481,2
482,4
483,1
484,1
485,1
486,1
487,1
488,1
489,2
490,3
491,1
492,2
493,1
494,2
495,2
496,1
497,4
498,2
499,2
500,1
501,3
502,7
503,1
504,1
505,1
506,3
507,4
508,1
509,1
510,2
511,1
512,2
513,1
514,2
515,1
516,1
517,1
518,3
519,1
520,1
521,2
522,1
523,16
524,4
525,1
526,3
527,1
528,1
529,1
530,2
531,1
532,1
533,1
534,2
535,1
536,1
537,1
538,8
539,1
540,2
541,1
542,1
543,2
544,2
545,1
546,1
547,1
548,4
549,1
550,1
551,1
552,1
553,1
554,1
555,2
556,9
557,1
558,3
559,4
560,5
561,1
562,2
563,1
564,2
565,2
566,2
567,1
568,1
569,1
570,1
571,1
572,1
573,2
574,1
575,4
576,1
577,1
578,2
579,3
580,2
581,2
582,2
583,1
584,1
585,2
586,4
587,2
588,5
589,1
590,2
591,1
592,1
593,1
594,1
595,1
596,1
597,1
598,1
599,2
600,1
601,1
602,1
603,1
604,1
605,2
606,2
607,1
608,2
609,1
610,1
611,1
612,1
613,1
614,1
615,2
616,1
617,18
618,1
619,1
620,1
621,2
622,1
623,1
624,2
625,1
626,2
627,1
628,1
629,1
630,2
631,4
632,8
633,2
634,4
635,2
636,1
637,2
638,2
639,4
640,1
641,1
642,2
643,2
644,2
645,2
646,1
647,1
648,1
649,1
650,1
651,1
652,1
653,1
654,4
655,1
656,2
657,1
658,5
659,2
660,1
661,2
662,1
663,7
664,1
665,1
666,1
667,2
668,2
669,1
670,1
671,1
672,1
673,1
674,1
675,3
676,1
677,1
678,1
679,1
680,4
681,4
682,1
683,2
684,2
685,1
686,1
687,1
688,1
689,8
690,1
691,1
692,2
693,1
694,1
695,2
696,1
697,1
698,2
699,2
700,3
701,7
702,2
703,1
704,1
705,1
706,1
707,5
708,1
709,1
710,1
711,1
712,3
713,2
714,1
715,1
716,4
717,2
718,1
719,1
720,1
721,2
722,4
723,5
724,2
725,1
726,1
727,1
728,1
729,1
730,1
731,1
732,2
733,1
734,1
735,8
736,1
737,4
738,1
739,6
740,2
741,1
742,1
743,2
744,1
745,2
746,1
747,1
748,4
749,1
750,3
751,1
752,1
753,1
754,4
755,1
756,3
757,1
758,2
759,4
760,1
761,4
762,2
763,3
764,2
765,1
766,1
767,1
768,2
769,1
770,1
771,2
772,2
773,3
774,1
775,3
776,2
777,6
778,3
779,2
780,1
781,1
782,1
783,3
784,3
785,2
786,1
787,1
788,4
789,1
790,1
791,1
792,1
793,2
794,1
795,2
796,1
797,1
798,3
799,3
800,2
801,1
802,1
803,1
804,1
805,3
806,1
807,1
808,2
809,4
810,1
811,1
812,2
813,1
814,1
815,1
816,1
817,2
818,5
819,2
820,1
821,1
822,1
823,1
824,1
825,2
826,1
827,1
828,6
829,3
830,2
831,1
832,3
833,1
834,2
835,1
836,2
837,2
838,1
839,1
840,2
841,2
842,2
843,2
844,4
845,1
846,1
847,2
848,1
849,1
850,2
851,5
852,1
853,1
854,1
855,1
856,2
857,2
858,1
859,1
860,2
861,1
862,1
863,1
864,1
865,1
866,2
867,1
868,1
869,2
870,1
871,1
872,1
873,2
874,1
875,4
876,1
877,1
878,1
879,3
880,1
881,3
882,2
883,2
884,1
885,1
886,1
887,1
888,1
889,2
890,1
891,1
892,4
893,1
894,1
895,1
896,2
897,1
898,3
899,1
900,1
901,2
902,2
903,1
904,1
905,2
906,1
907,1
908,2
909,1
910,1
911,2
912,1
913,1
914,1
915,1
916,1
917,2
918,1
919,2
920,1
921,3
922,1
923,1
924,1
925,2
926,1
927,6
928,1
929,1
930,1
931,1
932,1
933,1
934,1
935,1
936,15
937,1
938,1
939,1
940,1
941,1
942,1
943,1
944,1
945,1
946,1
947,1
948,1
949,1
950,1
951,1
952,2
953,1
954,1
955,2
956,3
957,2
958,1
959,1
960,3
961,1
962,1
963,2
964,2
965,2
966,1
967,1
968,1
969,1
970,1
971,4
972,2
973,1
974,1
975,1
976,2
977,1
978,1
979,1
980,3
981,3
982,1
983,1
984,1
985,1
986,1
987,1
988,1
989,1
990,1
991,1
992,1
993,2
994,1
995,2
996,1
997,2
998,6
999,1
1000,2
1001,1
1002,2
1003,1
1004,1
1005,1
1006,3
1007,1
1008,1
1009,2
1010,1
1011,1
1012,2
1013,2
1014,2
1015,2
1016,1
1017,1
1018,1
1019,1
1020,1
1021,1
1022,1
1023,1
1024,2
1025,2
1026,1
1027,1
1028,1
1029,1
1030,1
1031,2
1032,1
1033,1
1034,1
1035,1
1036,1
1037,1
1038,3
1039,4
1040,3
1041,1
1042,1
1043,1
1044,1
1045,3
1046,2
1047,1
1048,1
1049,1
1050,1
1051,1
1052,1
1053,2
1054,2
1055,2
1056,2
1057,1
1058,2
1059,1
1060,1
1061,1
1062,1
1063,1
1064,1
1065,1
1066,2
1067,1
1068,1
1069,1
1070,2
1071,2
1072,1
1073,1
1074,3
1075,2
1076,1
1077,3
1078,3
1079,1
1080,2
1081,1
1082,1
1083,2
1084,2
1085,1
1086,1
1087,4
1088,2
1089,1
1090,1
1091,1
1092,4
1093,1
1094,3
1095,1
1096,1
1097,1
1098,2
1099,1
1100,1
1101,5
1102,3
1103,1
1104,1
1105,1
1106,2
1107,1
1108,2
1109,2
1110,1
1111,1
1112,2
1113,5
1114,2
1115,1
1116,1
1117,1
1118,1
1119,1
1120,1
1121,2
1122,1
1123,1
1124,1
1125,1
1126,2
1127,1
1128,1
1129,1
1130,1
1131,1
1132,1
1133,1
1134,1
1135,1
1136,1
1137,5
1138,1
1139,2
1140,1
1141,2
1142,1
1143,1
1144,1
1145,1
1146,1
1147,1
1148,1
1149,1
1150,1
1151,1
1152,1
1153,1
1154,1
1155,1
1156,2
1157,1
1158,1
1159,3
1160,1
1161,1
1162,1
1163,1
1164,1
1165,1
1166,1
1167,1
1168,1
1169,1
1170,1
1171,1
1172,1
1173,1
1174,1
1175,1
1176,4
1177,1
1178,2
1179,1
1180,1
1181,1
1182,1
1183,1
1184,1
1185,1
1186,2
1187,3
1188,1
1189,1
1190,2
1191,2
1192,2
1193,1
1194,1
1195,1
1196,1
1197,1
1198,1
1199,1
1200,1
1201,2
1202,1
1203,1
1204,1
1205,1
1206,1
1207,1
1208,1
1209,1
1210,1
1211,1
1212,1
1213,1
1214,1
1215,1
1216,3
1217,1
1218,2
1219,1
1220,1
1221,1
1222,1
1223,1
1224,2
1225,3
1226,2
1227,2
1228,1
1229,1
1230,1
1231,1
1232,1
1233,1
1234,1
1235,1
1236,1
1237,2
1238,1
1239,1
1240,1
1241,2
1242,1
1243,1
1244,1
1245,2
1246,2
1247,1
1248,1
1249,1
1250,1
1251,2
1252,3
1253,1
1254,2
1255,1
1256,1
1257,1
1258,1
1259,1
1260,1
1261,1
1262,3
1263,3
1264,1
1265,1
1266,1
1267,1
1268,3
1269,2
1270,3
1271,1
1272,1
1273,2
1274,2
1275,2
1276,3
1277,1
1278,1
1279,1
1280,1
1281,1
1282,2
1283,1
1284,1
1285,2
1286,1
1287,1
1288,1
1289,1
1290,1
1291,1
1292,2
1293,1
1294,2
1295,1
1296,1
1297,1
1298,1
1299,1
1300,1
1301,1
1302,1
1303,1
1304,2
1305,2
1306,1
1307,2
1308,1
1309,1
1310,1
1311,1
1312,2
1313,1
1314,2
1315,1
1316,2
1317,2
1318,1
1319,1
1320,1
1321,4
1322,1
1323,1
1324,2
1325,1
1326,2
1327,2
1328,1
1329,1
1330,2
1331,2
1332,2
1333,2
1334,1
1335,1
1336,1
1337,2
1338,3
1339,2
1340,3
1341,2
1342,1
1343,2
1344,1
1345,1
1346,2
1347,2
1348,2
1349,1
1350,2
1351,1
1352,1
1353,5
1354,3
1355,2
1356,1
1357,1
1358,2
1359,2
1360,2
1361,1
1362,3
1363,1
1364,1
1365,1
1366,2
1367,1
1368,1
1369,2
1370,1
1371,1
1372,1
1373,2
1374,1
1375,1
1376,1
1377,7
1378,1
1379,1
1380,1
1381,1
1382,1
1383,1
1384,1
1385,1
1386,2
1387,2
1388,1
1389,1
1390,1
1391,2
1392,3
1393,1
1394,1
1395,1
1396,1
1397,2
1398,2
1399,1
1400,1
1401,1
1402,1
1403,1
1404,1
1405,2
1406,1
1407,1
1408,1
1409,1
1410,2
1411,2
1412,2
1413,1
1414,2
1415,2
1416,2
1417,2
1418,1
1419,2
1420,2
1421,5
1422,4
1423,1
1424,1
1425,2
1426,1
1427,4
1428,3
1429,1
1430,1
1431,1
1432,3
1433,2
1434,1
1435,1
1436,1
1437,1
1438,1
1439,1
1440,1
1441,4
1442,2
1443,1
1444,2
1445,1
1446,1
1447,1
1448,1
1449,2
1450,1
1451,2
1452,1
1453,1
1454,1
1455,5
1456,3
1457,1
1458,1
1459,1
1460,1
1461,1
1462,1
1463,2
1464,2
1465,1
1466,1
1467,1
1468,1
1469,1
1470,1
1471,2
1472,1
1473,1
1474,1
1475,1
1476,1
1477,1
1478,1
1479,2
1480,2
1481,2
1482,1
1483,1
1484,2
1485,3
1486,1
1487,1
1488,3
1489,1
1490,2
1491,1
1492,1
1493,1
1494,1
1495,1
1496,1
1497,1
1498,1
1499,5
1500,2
1501,1
1502,2
1503,4
1504,1
1505,1
1506,1
1507,1
1508,1
1509,1
1510,3
1511,1
1512,1
1513,3
1514,1
1515,1
1516,1
1517,1
1518,1
1519,1
1520,1
1521,1
1522,1
1523,1
1524,1
1525,1
1526,2
1527,1
1528,1
1529,1
1530,1
1531,1
1532,1
1533,1
1534,1
1535,3
1536,1
1537,2
1538,1
1539,1
1540,1
1541,1
1542,1
1543,1
1544,1
1545,1
1546,1
1547,1
1548,1
1549,1
1550,1
1551,1
1552,1
1553,1
1554,1
1555,1
1556,1
1557,1
1558,1
1559,2
1560,1
1561,1
1562,2
1563,1
1564,5
1565,1
1566,1
1567,1
1568,1
1569,1
1570,1
1571,1
1572,1
1573,2
1574,1
1575,2
1576,2
1577,1
1578,1
1579,2
1580,1
1581,1
1582,1
1583,1
1584,1
1585,1
1586,1
1587,2
1588,1
1589,1
1590,1
1591,2
1592,1
1593,1
1594,1
1595,1
1596,1
1597,1
1598,1
1599,1
1600,1
1601,1
1602,1
1603,1
1604,2
1605,1
1606,1
1607,1
1608,1
1609,1
1610,1
1611,1
1612,1
1613,1
1614,1
1615,1
1616,1
1617,1
1618,1
1619,1
1620,1
1621,1
1622,1
1623,1
1624,2
1625,1
1626,1
1627,1
1628,2
1629,1
1630,2
1631,1
1632,1
1633,1
1634,1
1635,1
1636,1
1637,1
1638,1
1639,6
1640,1
1641,1
1642,1
1643,2
1644,1
1645,1
1646,1
1647,1
1648,1
1649,2
1650,1
1651,1
1652,1
1653,1
1654,1
1655,1
1656,1
1657,1
1658,2
1659,1
1660,1
1661,1
1662,1
1663,1
1664,1
1665,1
1666,2
1667,1
1668,1
1669,1
1670,1
1671,1
1672,1
1673,1
1674,3
1675,3
1676,1
1677,1
1678,1
1679,1
1680,1
1681,1
1682,1
1683,2
1684,1
1685,1
1686,1
1687,1
1688,1
1689,1
1690,1
1691,1
1692,1
1693,2
1694,1
1695,1
1696,1
1697,1
1698,1
1699,1
1700,3
1701,1
1702,2
1703,1
1704,1
1705,1
1706,1
1707,1
1708,2
1709,1
1710,2
1711,1
1712,4
1713,2
1714,1
1715,2
1716,1
1717,1
1718,2
1719,1
1720,4
1721,1
1722,1
1723,1
1724,1
1725,1
1726,1
1727,1
1728,1
1729,2
1730,1
1731,2
1732,1
1733,1
1734,1
1735,1
1736,1
1737,1
1738,1
1739,1
1740,1
1741,1
1742,1
1743,1
1744,1
1745,4
1746,1
1747,1
1748,1
1749,1
1750,1
1751,1
1752,2
1753,2
1754,1
1755,1
1756,1
1757,1
1758,1
1759,2
1760,3
1761,1
1762,5
1763,2
1764,1
1765,1
1766,1
1767,1
1768,2
1769,1
1770,1
1771,1
1772,1
1773,1
1774,1
1775,1
1776,1
1777,1
1778,2
1779,1
1780,1
1781,1
1782,1
1783,1
1784,1
1785,1
1786,2
1787,1
1788,1
1789,1
1790,2
1791,1
1792,1
1793,1
1794,1
1795,1
1796,1
1797,1
1798,1
1799,1
1800,1
1801,1
1802,1
1803,1
1804,1
1805,1
1806,1
1807,1
1808,1
1809,1
1810,2
1811,1
1812,1
1813,1
1814,1
1815,1
1816,1
1817,1
1818,1
1819,1
1820,1
1821,1
1822,1
1823,2
1824,2
1825,1
1826,1
1827,1
1828,1
1829,1
1830,1
1831,1
1832,1
1833,2
1834,1
1835,1
1836,2
1837,1
1838,2
1839,1
1840,2
1841,2
1842,1
1843,1
1844,1
1845,1
1846,1
1847,1
1848,1
1849,1
1850,1
1851,1
1852,1
1853,2
1854,2
1855,1
1856,1
1857,5
1858,1
1859,1
1860,2
1861,1
1862,1
1863,2
1864,2
1865,1
1866,1
1867,1
1868,1
1869,1
1870,1
1871,1
1872,1
1873,1
1874,1
1875,1
1876,1
1877,2
1878,1
1879,1
1880,1
1881,4
1882,1
1883,1
1884,1
1885,1
1886,3
1887,1
1888,1
1889,1
1890,2
1891,1
1892,1
1893,4
1894,2
1895,1
1896,1
1897,1
1898,1
1899,1
1900,1
1901,1
1902,2
1903,2
1904,1
1905,1
1906,2
1907,1
1908,2
1909,1
1910,1
1911,1
1912,1
1913,1
1914,1
1915,1
1916,1
1917,1
1918,1
1919,1
1920,2
1921,1
1922,2
1923,1
1924,1
1925,1
1926,1
1927,1
1928,2
1929,1
1930,1
1931,3
1932,1
1933,2
1934,2
1935,1
1936,1
1937,1
1938,1
1939,1
1940,1
1941,1
1942,1
1943,4
1944,1
1945,1
1946,1
1947,1
1948,1
1949,1
1950,1
1951,1
1952,3
1953,1
1954,1
1955,3
1956,1
1957,1
1958,2
1959,1
1960,1
1961,1
1962,1
1963,1
1964,1
1965,1
1966,1
1967,1
1968,1
1969,1
1970,1
1971,1
1972,1
1973,1
1974,1
1975,3
1976,1
1977,1
1978,1
1979,1
1980,1
1981,1
1982,1
1983,1
1984,1
1985,1
1986,3
1987,1
1988,3
1989,1
1990,1
1991,1
1992,1
1993,1
1994,1
1995,1
1996,1
1997,1
1998,2
1999,1
2000,1
2001,1
2002,1
2003,1
2004,1
2005,1
2006,2
2007,1
2008,1
2009,1
2010,1
2011,1
2012,1
2013,1
2014,1
2015,1
2016,3
2017,1
2018,1
2019,1
2020,1
2021,2
2022,2
2023,1
2024,1
2025,1
2026,1
2027,1
2028,1
2029,1
2030,1
2031,1
2032,1
2033,1
2034,1
2035,1
2036,1
2037,1
2038,1
2039,1
2040,1
2041,1
2042,1
2043,1
2044,1
2045,1
2046,2
2047,1
2048,1
2049,1
2050,1
2051,4
2052,2
2053,1
2054,1
2055,1
2056,1
2057,1
2058,1
2059,2
2060,1
2061,1
2062,1
2063,1
2064,1
2065,1
2066,2
2067,1
2068,1
2069,2
2070,1
2071,1
2072,1
2073,1
2074,1
2075,1
2076,1
2077,1
2078,1
2079,1
2080,1
2081,1
2082,2
2083,1
2084,1
2085,1
2086,1
2087,1
2088,2
2089,1
2090,1
2091,1
2092,1
2093,1
2094,1
2095,1
2096,1
2097,1
2098,2
2099,1
2100,1
2101,1
2102,1
2103,1
2104,1
2105,1
2106,1
2107,1
2108,1
2109,1
2110,1
2111,1
2112,2
2113,1
2114,1
2115,1
2116,1
2117,1
2118,3
2119,1
2120,1
2121,1
2122,1
2123,2
2124,3
2125,1
2126,6
2127,1
2128,1
2129,1
2130,2
2131,1
2132,2
2133,1
2134,1
2135,1
2136,1
2137,1
2138,1
2139,1
2140,1
2141,1
2142,1
2143,1
2144,1
2145,1
2146,1
2147,1
2148,1
2149,1
2150,1
2151,1
2152,1
2153,1
2154,1
2155,1
2156,1
2157,1
2158,1
2159,1
2160,1
2161,1
2162,2
2163,1
2164,1
2165,1
2166,1
2167,1
2168,2
2169,1
2170,1
2171,2
2172,1
2173,8
2174,1
2175,1
2176,1
2177,1
2178,1
2179,1
2180,1
2181,1
2182,1
2183,1
2184,1
2185,1
2186,1
2187,2
2188,1
2189,1
2190,3
2191,2
2192,1
2193,1
2194,1
2195,2
2196,2
2197,1
2198,1
2199,1
2200,2
2201,2
2202,1
2203,1
2204,1
2205,1
2206,1
2207,1
2208,1
2209,1
2210,1
2211,1
2212,1
2213,1
2214,1
2215,2
2216,1
2217,1
2218,1
2219,1
2220,1
2221,1
2222,1
2223,1
2224,1
2225,1
2226,1
2227,2
2228,1
2229,1
2230,1
2231,2
2232,1
2233,1
2234,1
2235,1
2236,2
2237,1
2238,1
2239,1
2240,1
2241,1
2242,1
2243,1
2244,1
2245,1
2246,2
2247,1
2248,2
2249,1
2250,1
2251,1
2252,3
2253,1
2254,1
2255,6
2256,2
2257,1
2258,1
2259,2
2260,1
2261,1
2262,1
2263,3
2264,1
2265,1
2266,1
2267,1
2268,1
2269,3
2270,1
2271,1
2272,1
2273,1
2274,1
2275,1
2276,1
2277,3
2278,1
2279,1
2280,1
2281,1
2282,1
2283,1
2284,1
2285,1
2286,1
2287,1
2288,1
2289,1
2290,1
2291,2
2292,1
2293,1
2294,1
2295,1
2296,2
2297,1
2298,1
2299,4
2300,1
2301,1
2302,1
2303,1
2304,1
2305,1
2306,1
2307,1
2308,1
2309,1
2310,1
2311,1
2312,1
2313,1
2314,1
2315,1
2316,1
2317,1
2318,1
2319,1
2320,2
2321,1
2322,1
2323,1
2324,1
2325,1
2326,1
2327,1
2328,1
2329,1
2330,1
2331,1
2332,1
2333,2
2334,1
2335,1
2336,1
2337,1
2338,1
2339,2
2340,1
2341,2
2342,2
2343,1
2344,1
2345,1
2346,1
2347,1
2348,1
2349,1
2350,1
2351,1
2352,1
2353,1
2354,1
2355,1
2356,1
2357,1
2358,1
2359,1
2360,1
2361,1
2362,1
2363,1
2364,1
2365,1
2366,1
2367,1
2368,1
2369,2
2370,1
2371,1
2372,1
2373,2
2374,1
2375,1
2376,1
2377,1
2378,1
2379,2
2380,1
2381,1
2382,1
2383,1
2384,1
2385,2
2386,1
2387,1
2388,1
2389,1
2390,2
2391,1
2392,1
2393,2
2394,1
2395,1
2396,1
2397,1
2398,2
2399,2
2400,1
2401,1
2402,1
2403,1
2404,1
2405,1
2406,1
2407,2
2408,1
2409,1
2410,1
2411,1
2412,1
2413,2
2414,1
2415,1
2416,2
2417,1
2418,1
2419,1
2420,1
2421,1
2422,1
2423,1
2424,1
2425,1
2426,1
2427,1
2428,1
2429,2
2430,1
2431,1
2432,1
2433,1
2434,2
2435,1
2436,1
2437,1
2438,1
2439,2
2440,1
2441,1
2442,1
2443,1
2444,1
2445,1
2446,1
2447,1
2448,1
2449,1
2450,1
2451,1
2452,1
2453,1
2454,3
2455,1
2456,1
2457,2
2458,1
2459,1
2460,1
2461,1
2462,1
2463,1
2464,1
2465,1
2466,1
2467,1
2468,2
2469,2
2470,1
2471,1
2472,1
2473,1
2474,1
2475,1
2476,1
2477,1
2478,2
2479,2
2480,1
2481,1
2482,1
2483,1
2484,2
2485,1
2486,1
2487,1
2488,2
2489,1
2490,1
2491,1
2492,1
2493,1
2494,1
2495,1
2496,2
2497,1
2498,1
2499,1
2500,1
2501,1
2502,1
2503,1
2504,1
2505,1
2506,1
2507,1
2508,1
2509,1
2510,1
2511,1
2512,1
2513,1
2514,1
2515,1
2516,1
2517,1
2518,1
2519,1
2520,1
2521,1
2522,1
2523,1
2524,1
2525,1
2526,1
2527,1
2528,1
2529,2
2530,1
2531,1
2532,2
2533,1
2534,1
2535,1
2536,2
2537,2
2538,1
2539,1
2540,1
2541,1
2542,1
2543,1
2544,1
2545,1
2546,1
2547,1
2548,1
2549,1
2550,1
2551,1
2552,1
2553,1
2554,1
2555,1
2556,2
2557,1
2558,1
2559,1
2560,1
2561,1
2562,1
2563,1
2564,1
2565,1
2566,1
2567,1
2568,1
2569,1
2570,1
2571,1
2572,1
2573,1
2574,1
2575,1
2576,1
2577,1
2578,1
2579,1
2580,1
2581,1
2582,1
2583,1
2584,1
2585,1
2586,1
2587,1
2588,1
2589,1
2590,1
2591,1
2592,1
2593,1
2594,1
2595,1
2596,1
2597,1
2598,1
2599,1
2600,1
2601,2
2602,1
2603,1
2604,1
2605,1
2606,1
2607,1
2608,1
2609,1
2610,3
2611,2
2612,1
2613,1
2614,1
2615,1
2616,1
2617,1
2618,1
2619,1
2620,1
2621,1
2622,1
2623,1
2624,1
2625,1
2626,1
2627,1
2628,1
2629,1
2630,1
2631,1
2632,1
2633,1
2634,1
2635,1
2636,1
2637,1
2638,1
2639,1
2640,1
2641,1
2642,1
2643,1
2644,1
2645,1
2646,1
2647,1
2648,2
2649,1
2650,1
2651,1
2652,1
2653,1
2654,1
2655,1
2656,1
2657,1
2658,2
2659,1
2660,1
2661,1
2662,1
2663,2
2664,1
2665,1
2666,1
2667,1
2668,1
2669,1
2670,1
2671,1
2672,1
2673,1
2674,1
2675,1
2676,2
2677,1
2678,1
2679,2
2680,1
2681,1
2682,1
2683,1
2684,1
2685,1
2686,1
2687,1
2688,2
2689,1
2690,1
2691,2
2692,1
2693,1
2694,1
2695,1
2696,1
2697,1
2698,1
2699,1
2700,1
2701,1
2702,2
2703,1
2704,1
2705,1
2706,1
2707,1
2708,1
2709,1
2710,2
2711,1
2712,1
2713,1
2714,1
2715,1
2716,1
2717,1
2718,2
2719,1
2720,1
2721,1
2722,1
2723,1
2724,2
2725,1
2726,1
2727,1
2728,1
2729,1
2730,1
2731,1
2732,1
2733,1
2734,1
2735,1
2736,1
2737,1
2738,1
2739,1
2740,1
2741,1
2742,1
2743,1
2744,2
2745,1
2746,1
2747,1
2748,1
2749,1
2750,1
2751,1
2752,1
2753,1
2754,1
2755,1
2756,1
2757,1
2758,1
2759,1
2760,1
2761,1
2762,1
2763,2
2764,1
2765,1
2766,1
2767,1
2768,1
2769,1
2770,1
2771,1
2772,2
2773,1
2774,1
2775,1
2776,1
2777,1
2778,1
2779,1
2780,1
2781,1
2782,1
2783,1
2784,1
2785,1
2786,1
2787,1
2788,1
2789,2
2790,1
2791,1
2792,1
2793,1
2794,1
2795,1
2796,1
2797,1
2798,1
2799,1
2800,1
2801,2
2802,1
2803,1
2804,1
2805,1
2806,1
2807,1
2808,1
2809,1
2810,1
2811,1
2812,2
2813,2
2814,1
2815,1
2816,1
2817,1
2818,1
2819,1
2820,1
2821,1
2822,1
2823,1
2824,1
2825,1
2826,1
2827,1
2828,1
2829,1
2830,1
2831,1
2832,1
2833,1
2834,1
2835,1
2836,1
2837,1
2838,2
2839,1
2840,1
2841,1
2842,1
2843,1
2844,1
2845,1
2846,1
2847,1
2848,1
2849,1
2850,1
2851,1
2852,1
2853,1
2854,1
2855,1
2856,1
2857,1
2858,1
2859,2
2860,1
2861,2
2862,1
2863,1
2864,1
2865,1
2866,1
2867,1
2868,1
2869,1
2870,1
2871,1
2872,1
2873,1
2874,1
2875,1
2876,1
2877,1
2878,1
2879,1
2880,1
2881,1
2882,1
2883,1
2884,1
2885,1
2886,1
2887,1
2888,2
2889,1
2890,1
2891,1
2892,1
2893,2
2894,1
2895,1
2896,1
2897,1
2898,1
2899,1
2900,1
2901,1
2902,1
2903,1
2904,1
2905,1
2906,1
2907,1
2908,1
2909,1
2910,1
2911,1
2912,1
2913,1
2914,1
2915,1
2916,1
2917,1
2918,1
2919,1
2920,1
2921,1
2922,1
2923,1
2924,1
2925,1
2926,1
2927,1
2928,1
2929,1
2930,1
2931,1
2932,1
2933,1
2934,1
2935,1
2936,1
2937,1
2938,1
2939,1
2940,1
2941,1
2942,1
2943,1
2944,1
2945,1
2946,1
2947,1
2948,1
2949,1
2950,1
2951,1
2952,2
2953,1
2954,1
2955,1
2956,1
2957,1
2958,1
2959,1
2960,1
2961,1
2962,1
2963,1
2964,1
2965,1
2966,1
2967,1
2968,1
2969,1
2970,1
2971,1
2972,1
2973,1
2974,1
2975,1
2976,1
2977,1
2978,1
2979,1
2980,1
2981,1
2982,1
2983,1
2984,1
2985,1
2986,1
2987,1
2988,1
2989,1
2990,1
2991,1
2992,1
2993,1
2994,1
2995,1
2996,1
2997,1
2998,1
2999,1
3000,1
3001,1
3002,1
3003,1
3004,1
3005,1
3006,1
3007,1
3008,1
3009,1
3010,1
3011,1
3012,1
3013,1
3014,1
3015,1
3016,1
3017,1
3018,1
3019,1
3020,1
3021,1
3022,1
3023,1
3024,1
3025,1
3026,1
3027,1
3028,1
3029,1
3030,1
3031,1
3032,1
3033,1
3034,1
3035,1
3036,1
3037,1
3038,1
3039,2
3040,1
3041,1
3042,1
3043,1
3044,1
3045,1
3046,1
3047,1
3048,1
3049,1
3050,1
3051,1
3052,1
3053,1
3054,1
3055,1
3056,1
3057,1
3058,2
3059,1
3060,1
3061,1
3062,1
3063,1
3064,1
3065,1
3066,1
3067,1
3068,1
3069,1
3070,1
3071,1
3072,1
3073,1
3074,1
3075,1
3076,1
3077,1
3078,1
3079,1
3080,1
3081,1
3082,1
3083,1
3084,1
3085,1
3086,1
3087,1
3088,1
3089,1
3090,1
3091,1
3092,1
3093,1
3094,1
3095,1
3096,1
3097,1
3098,1
3099,1
3100,1
3101,1
3102,1
3103,1
3104,1
3105,1
3106,1
3107,1
3108,1
3109,1
3110,1
3111,1
3112,1
3113,1
3114,1
3115,1
3116,1
3117,1
3118,1
3119,1
3120,1
3121,1
3122,1
3123,1
3124,1
3125,1
3126,1
3127,1
3128,1
3129,1
3130,1
3131,1
3132,1
3133,1
3134,1
3135,1
3136,1
3137,1
3138,1
3139,1
3140,1
3141,1
3142,1
3143,1
3144,1
3145,1
3146,1
3147,1
3148,1
3149,1
3150,1
3151,1
3152,1
3153,1
3154,1
3155,1
3156,1
3157,1
3158,1
3159,1
3160,1
3161,1
3162,2
3163,1
3164,1
3165,1
3166,1
3167,1
3168,1
3169,1
3170,1
3171,1
3172,1
3173,1
3174,1
3175,1
3176,1
3177,1
3178,1
3179,1
3180,1
3181,1
3182,1
3183,1
3184,1
3185,1
3186,1
3187,1
3188,1
3189,1
3190,1
3191,1
3192,1
3193,1
3194,1
3195,1
3196,1
3197,1
3198,1
3199,1
3200,1
3201,1
3202,1
