#epochs,embedding_dim,feedforward_dim,enc_layers,dec_layers,attention_heads,dropout,weight_decay,learning_rate,Precisionatn nivel1,Precisionatn nivel2,Precisionatn nivel3,Precisionatn nivel4,Precision nivel1,Precision nivel2,Precision nivel3,Precision nivel4,Recall nivel1,Recall nivel2,Recall nivel3,Recall nivel4,Drugs that have at least one match
12,128,256,4,2,4,0.0,0.0001,0.001,8.823529411764707,75.0,77.77777777777779,28.57142857142857,0.09819121447028424,0.7894736842105263,0.3,0.3409090909090909,0.09409991386735572,0.7719298245614036,0.7333333333333333,0.3181818181818182,"[38, 30, 22, 8]"
23,128,256,4,3,4,0.1,0.0001,0.001,24.080882352941178,51.14503816793893,35.82089552238806,54.166666666666664,0.13781223083548674,0.4764150943396227,0.37719298245614036,0.45454545454545453,0.24707149009474594,0.5157232704402516,0.35964912280701755,0.5909090909090909,"[106, 57, 22, 13]"
28,64,256,4,2,2,0.2,1e-05,0.001,27.941176470588236,32.23684210526316,69.38775510204081,14.705882352941178,0.1645133505598623,0.3142857142857143,0.6590909090909091,0.1206896551724138,0.3338501291989664,0.30714285714285716,0.6590909090909091,0.11494252873563217,"[140, 44, 29, 5]"
21,128,256,3,4,2,0.2,0.0001,0.001,20.772058823529413,69.02654867256636,60.256410256410255,55.319148936170215,0.1670973298880275,0.629251700680272,0.5,0.4349593495934959,0.23802756244616713,0.6768707482993198,0.5735294117647058,0.573170731707317,"[98, 68, 41, 25]"
51,32,128,2,3,4,0.1,1e-05,0.0001,19.852941176470587,61.111111111111114,65.15151515151516,53.48837209302325,0.16968130921619298,0.6217228464419475,0.4385964912280703,0.4722222222222222,0.2140396210163652,0.6217228464419475,0.631578947368421,0.5277777777777778,"[89, 57, 36, 22]"
38,32,256,2,4,4,0.0,0.0001,0.0001,22.24264705882353,59.50413223140496,59.72222222222222,30.23255813953488,0.17312661498708004,0.5714285714285715,0.4946236559139785,0.26576576576576577,0.2459517657192076,0.580952380952381,0.5806451612903226,0.32432432432432434,"[105, 62, 37, 13]"
9,128,128,4,2,2,0.1,1e-05,0.001,31.433823529411764,18.128654970760234,58.06451612903226,61.111111111111114,0.17312661498708007,0.20833333333333334,0.4611111111111111,0.6111111111111112,0.3535745047372954,0.2013888888888889,0.5833333333333334,0.6111111111111112,"[144, 30, 18, 11]"
19,64,64,4,4,4,0.0,0.0001,0.0001,26.286764705882355,62.23776223776224,64.04494382022472,43.859649122807014,0.1731266149870801,0.550287356321839,0.6148648648648648,0.37152777777777773,0.27687338501291986,0.6149425287356323,0.6238738738738739,0.46875,"[116, 74, 48, 25]"
36,32,256,4,2,4,0.2,1e-05,0.0001,19.669117647058822,61.6822429906542,59.09090909090909,38.46153846153847,0.17571059431524552,0.5659340659340658,0.4356725146198831,0.2708333333333333,0.2269595176571921,0.6190476190476191,0.5526315789473685,0.359375,"[91, 57, 32, 15]"
28,64,256,4,2,2,0.0,0.0001,0.001,31.433823529411764,50.29239766081871,43.02325581395349,48.64864864864865,0.18087855297157626,0.5275689223057644,0.40410958904109595,0.4068627450980392,0.31963824289405685,0.530701754385965,0.4223744292237443,0.4852941176470588,"[133, 73, 34, 18]"
23,32,256,4,3,4,0.0,1e-05,0.0001,28.308823529411764,62.33766233766234,58.333333333333336,42.857142857142854,0.181739879414298,0.5120967741935484,0.5735930735930735,0.40972222222222227,0.2924633936261843,0.6034946236559141,0.577922077922078,0.4305555555555555,"[124, 77, 48, 24]"
27,64,64,4,2,2,0.1,0.0001,0.001,21.875,55.46218487394958,51.515151515151516,47.05882352941176,0.1834625322997416,0.4379084967320262,0.45762711864406774,0.41111111111111115,0.24298018949181743,0.5669934640522876,0.4915254237288136,0.48333333333333334,"[102, 59, 30, 16]"
10,128,64,4,2,4,0.2,1e-05,0.001,25.551470588235293,60.431654676258994,51.19047619047619,44.18604651162791,0.18518518518518512,0.5175438596491229,0.4142857142857143,0.42857142857142855,0.2689922480620155,0.5903508771929824,0.4785714285714286,0.4523809523809524,"[114, 70, 35, 18]"
33,32,64,3,3,4,0.0,0.0001,0.0001,24.63235294117647,54.47761194029851,63.013698630136986,36.95652173913043,0.1851851851851852,0.5113960113960113,0.5,0.3076923076923077,0.2885443583118002,0.5327635327635327,0.609375,0.34615384615384615,"[117, 64, 39, 16]"
10,32,128,3,2,2,0.2,0.0001,0.001,18.198529411764707,58.58585858585859,58.620689655172406,35.294117647058826,0.1877691645133505,0.5057471264367817,0.3942307692307693,0.3225806451612903,0.20701981050818263,0.5919540229885057,0.5769230769230769,0.3870967741935484,"[87, 52, 31, 12]"
19,128,64,4,3,2,0.1,0.0001,0.001,25.0,16.911764705882355,52.17391304347826,83.33333333333334,0.18863049095607232,0.18253968253968253,0.5217391304347826,0.4583333333333333,0.3068475452196383,0.17857142857142858,0.5217391304347826,0.8333333333333334,"[126, 23, 12, 10]"
26,64,128,4,2,4,0.2,0.0001,0.001,16.544117647058822,62.22222222222222,51.78571428571429,48.275862068965516,0.18949181739879414,0.5291666666666667,0.40522875816993476,0.3076923076923077,0.18763996554694232,0.6375,0.5098039215686274,0.5,"[80, 51, 26, 14]"
81,32,64,2,2,4,0.1,0.0001,0.0001,24.63235294117647,57.46268656716418,66.23376623376623,43.13725490196079,0.19035314384151597,0.5423976608187134,0.5298507462686568,0.37209302325581395,0.2784237726098191,0.5789473684210527,0.6343283582089553,0.4186046511627907,"[114, 67, 43, 21]"
34,64,128,2,4,2,0.2,0.0001,0.0001,24.080882352941178,69.46564885496184,61.53846153846154,32.142857142857146,0.19465977605512497,0.5401785714285714,0.6038961038961039,0.2833333333333333,0.2686046511627907,0.6770833333333334,0.6233766233766234,0.32666666666666666,"[112, 77, 50, 18]"
61,32,128,2,3,2,0.2,0.0001,0.0001,28.676470588235293,55.769230769230774,56.32183908045977,32.6530612244898,0.19552110249784663,0.484126984126984,0.5162037037037037,0.3055555555555556,0.30598621877691645,0.54673721340388,0.5694444444444444,0.34523809523809523,"[126, 72, 42, 16]"
75,32,64,3,2,2,0.2,0.0001,0.0001,22.058823529411764,55.00000000000001,60.60606060606061,22.5,0.19638242894056843,0.548611111111111,0.47126436781609193,0.19444444444444445,0.22919896640826873,0.5879629629629629,0.5948275862068966,0.2361111111111111,"[96, 58, 36, 9]"
49,32,64,4,2,4,0.1,0.0001,0.0001,20.955882352941178,64.03508771929825,64.38356164383562,34.04255319148936,0.19896640826873385,0.5952380952380952,0.47656250000000006,0.32926829268292684,0.2330749354005168,0.6479591836734694,0.640625,0.32926829268292684,"[98, 64, 41, 15]"
23,128,128,4,2,2,0.0,1e-05,0.001,33.63970588235294,42.07650273224044,42.857142857142854,33.33333333333333,0.19982773471145568,0.3412698412698413,0.4307692307692308,0.30357142857142855,0.35796726959517655,0.4342403628117914,0.4076923076923077,0.29761904761904756,"[147, 65, 28, 10]"
63,32,256,4,4,4,0.1,0.0001,0.0001,28.308823529411764,59.09090909090909,73.62637362637363,55.223880597014926,0.2032730404823428,0.53125,0.6385281385281385,0.48830409356725146,0.30086132644272184,0.58203125,0.7142857142857143,0.5497076023391814,"[128, 77, 57, 35]"
46,32,256,4,3,4,0.0,0.0001,0.0001,33.088235294117645,53.888888888888886,72.16494845360825,52.85714285714286,0.2041343669250647,0.48639455782312924,0.6434599156118144,0.5166666666666666,0.35551248923341944,0.5124716553287982,0.7320675105485233,0.5305555555555556,"[147, 79, 60, 36]"
58,32,64,3,3,4,0.2,1e-05,0.0001,27.02205882352941,57.14285714285714,61.904761904761905,36.53846153846153,0.2101636520241171,0.5578512396694215,0.5166666666666666,0.2888888888888889,0.2933677863910422,0.5647382920110193,0.6142857142857143,0.36296296296296304,"[121, 70, 45, 19]"
43,32,64,4,3,4,0.1,1e-05,0.0001,24.080882352941178,66.41221374045801,72.41379310344827,39.682539682539684,0.21102497846683893,0.5353982300884955,0.5865800865800866,0.32727272727272727,0.2762704565030146,0.6666666666666667,0.7077922077922078,0.38181818181818183,"[113, 77, 55, 24]"
30,64,256,4,2,2,0.1,0.0001,0.001,29.22794117647059,65.40880503144653,52.88461538461539,45.45454545454545,0.21188630490956065,0.48024691358024696,0.5439560439560439,0.39,0.30973298880275624,0.6648148148148149,0.5293040293040293,0.45666666666666667,"[135, 91, 50, 24]"
47,32,128,2,2,4,0.0,1e-05,0.0001,29.77941176470588,55.55555555555556,68.88888888888889,45.16129032258064,0.2127476313522826,0.5789473684210527,0.6333333333333332,0.3454545454545454,0.31640826873385014,0.5756056808688388,0.675,0.45454545454545453,"[133, 80, 55, 27]"
14,128,64,3,3,4,0.2,0.0001,0.0001,27.573529411764707,64.66666666666666,61.855670103092784,40.0,0.2179155900086133,0.5392953929539295,0.5333333333333333,0.3397435897435897,0.28863049095607235,0.6391147244805782,0.6241071428571429,0.40064102564102566,"[123, 80, 52, 24]"
31,32,256,3,3,4,0.1,0.0001,0.001,27.573529411764707,64.66666666666666,51.546391752577314,62.0,0.21791559000861335,0.5522598870056497,0.471861471861472,0.5398550724637681,0.27835199540625893,0.637358757062147,0.5340136054421769,0.6413043478260869,"[118, 77, 46, 31]"
40,64,64,3,3,2,0.2,0.0001,0.0001,27.205882352941174,62.16216216216216,64.13043478260869,37.28813559322034,0.21963824289405673,0.586021505376344,0.5769230769230769,0.30448717948717946,0.29444444444444445,0.6129032258064516,0.6410256410256411,0.3910256410256411,"[124, 78, 52, 22]"
53,32,256,4,2,2,0.2,0.0001,0.0001,24.816176470588236,60.74074074074074,65.85365853658537,31.48148148148148,0.21963824289405684,0.5652173913043478,0.525462962962963,0.24305555555555558,0.27321274763135234,0.6057971014492755,0.6527777777777778,0.3229166666666667,"[115, 72, 48, 17]"
34,64,64,3,4,4,0.0,0.0001,0.0001,37.68382352941176,62.4390243902439,61.71875,64.55696202531645,0.2196382428940569,0.5441501103752759,0.6444444444444444,0.6322751322751323,0.362058570198105,0.5779985283296541,0.6414021164021164,0.7089947089947091,"[151, 90, 63, 48]"
53,32,64,3,4,2,0.0,1e-05,0.0001,32.35294117647059,67.04545454545455,59.32203389830508,45.714285714285715,0.22222222222222218,0.606516290726817,0.6092592592592592,0.33870967741935476,0.3140396210163652,0.6616541353383457,0.6314814814814814,0.4811827956989247,"[133, 90, 62, 32]"
36,64,256,3,2,2,0.2,1e-05,0.0001,31.985294117647058,57.47126436781609,57.99999999999999,41.37931034482759,0.22480620155038752,0.5109489051094891,0.54,0.375,0.3297588285960379,0.5308191403081914,0.615,0.4583333333333333,"[137, 75, 48, 24]"
60,32,128,3,2,2,0.0,1e-05,0.0001,33.82352941176471,59.78260869565217,73.63636363636363,51.85185185185185,0.22480620155038764,0.5608108108108109,0.7101449275362318,0.43427230046948356,0.3497846683893196,0.6006006006006006,0.7489130434782609,0.5352112676056338,"[148, 92, 71, 41]"
28,64,64,4,2,2,0.0,1e-05,0.0001,33.82352941176471,64.13043478260869,66.94915254237289,49.36708860759494,0.22652885443583123,0.5952380952380953,0.6259259259259259,0.4253731343283582,0.3333476887740453,0.6245039682539683,0.6902116402116403,0.5024875621890548,"[140, 90, 67, 38]"
32,128,256,4,4,2,0.1,0.0001,0.001,38.419117647058826,65.55023923444976,61.31386861313869,64.28571428571429,0.22825150732127453,0.5966029723991506,0.6683168316831684,0.5648148148148148,0.3695521102497847,0.6249115357395612,0.6478076379066479,0.6597222222222223,"[157, 101, 72, 51]"
56,32,128,2,3,2,0.1,1e-05,0.0001,29.59558823529412,54.6583850931677,62.5,50.90909090909091,0.2291128337639965,0.5241730279898218,0.5563063063063062,0.3401360544217688,0.32385874246339363,0.5398642917726888,0.6486486486486487,0.5,"[131, 74, 49, 27]"
50,32,64,4,3,2,0.1,0.0001,0.001,29.22794117647059,60.37735849056604,41.66666666666667,52.5,0.22911283376399663,0.4354005167958657,0.3640350877192982,0.4494949494949495,0.31237438989376975,0.5843023255813954,0.38972431077694236,0.5454545454545454,"[129, 76, 33, 20]"
81,32,64,2,3,2,0.1,1e-05,0.0001,31.801470588235293,57.22543352601156,70.70707070707071,38.57142857142858,0.22997416020671835,0.4828767123287671,0.6916666666666667,0.35,0.34273614699971283,0.5356735159817352,0.7285714285714285,0.4166666666666667,"[146, 80, 60, 27]"
29,32,64,3,3,2,0.0,0.0001,0.001,39.52205882352941,49.30232558139535,66.0377358490566,51.42857142857142,0.23169681309216186,0.5104166666666667,0.6441947565543072,0.39344262295081966,0.38050531151306344,0.5230902777777778,0.6694756554307116,0.512568306010929,"[160, 89, 61, 33]"
56,32,64,3,2,4,0.1,0.0001,0.0001,32.35294117647059,55.68181818181818,57.14285714285714,37.5,0.23169681309216192,0.5144927536231884,0.5576131687242798,0.3066666666666667,0.32704565030146426,0.568438003220612,0.5699588477366255,0.3866666666666667,"[138, 81, 50, 21]"
39,64,64,4,4,2,0.1,0.0001,0.001,40.44117647058824,60.45454545454545,64.66165413533834,48.837209302325576,0.23255813953488363,0.5858585858585859,0.6307189542483661,0.38809523809523805,0.38850129198966404,0.5936700336700337,0.6452614379084967,0.511904761904762,"[165, 102, 70, 40]"
67,32,128,2,4,4,0.1,0.0001,0.0001,30.698529411764707,58.08383233532935,69.0721649484536,49.25373134328358,0.2325581395348837,0.5606060606060607,0.6495726495726495,0.3620689655172414,0.3251507321274763,0.5757575757575758,0.7243589743589743,0.5,"[132, 78, 58, 33]"
26,128,256,3,4,4,0.2,1e-05,0.001,36.029411764705884,50.51020408163265,53.535353535353536,45.28301886792453,0.2334194659776055,0.49786324786324787,0.48995983935742987,0.34722222222222215,0.37829457364341085,0.5240384615384616,0.5371485943775101,0.4479166666666666,"[156, 83, 48, 23]"
66,32,256,3,3,4,0.1,0.0001,0.0001,30.14705882352941,58.536585365853654,73.95833333333334,43.66197183098591,0.23341946597760557,0.49404761904761896,0.6361788617886179,0.4032258064516128,0.3372093023255814,0.5773809523809524,0.7378048780487805,0.43548387096774194,"[140, 82, 62, 30]"
63,32,64,4,2,2,0.0,0.0001,0.0001,31.985294117647058,62.643678160919535,66.05504587155964,47.22222222222222,0.23428079242032723,0.5876543209876542,0.6356589147286822,0.37903225806451607,0.32222222222222224,0.6164609053497943,0.681782945736434,0.48118279569892475,"[135, 86, 62, 34]"
17,32,128,4,2,2,0.1,1e-05,0.001,30.14705882352941,63.41463414634146,59.61538461538461,53.2258064516129,0.23514211886304914,0.5632603406326033,0.501984126984127,0.4475308641975309,0.33363479758828596,0.6021897810218978,0.5972222222222223,0.5462962962962963,"[137, 84, 54, 32]"
24,128,256,4,4,2,0.2,0.0001,0.001,29.963235294117645,55.21472392638037,74.44444444444444,53.73134328358209,0.23600344530577083,0.49884259259259256,0.660337552742616,0.4027777777777778,0.34526270456503017,0.5381944444444444,0.7341772151898734,0.538888888888889,"[144, 79, 60, 34]"
56,32,64,3,4,2,0.2,0.0001,0.0001,29.044117647058826,51.89873417721519,52.4390243902439,53.48837209302325,0.23600344530577091,0.4501216545012165,0.42018779342723,0.3873873873873874,0.3372093023255814,0.5097323600973237,0.5140845070422535,0.5540540540540541,"[137, 71, 37, 22]"
71,32,64,2,4,4,0.2,1e-05,0.0001,28.676470588235293,58.333333333333336,64.83516483516483,28.8135593220339,0.23686477174849266,0.5428921568627451,0.5101626016260163,0.26543209876543206,0.3310508182601206,0.5882352941176471,0.6463414634146342,0.2962962962962963,"[136, 82, 54, 17]"
52,32,128,2,3,4,0.0,0.0001,0.0001,34.375,59.893048128342244,66.07142857142857,51.35135135135135,0.23772609819121457,0.5680272108843538,0.7189922480620154,0.3602941176470588,0.34810508182601213,0.563114134542706,0.7206533776301218,0.5171568627450981,"[147, 86, 68, 37]"
49,32,256,3,4,4,0.2,0.0001,0.001,29.77941176470588,61.111111111111114,49.494949494949495,44.89795918367347,0.23858742463393628,0.49004975124378114,0.4538152610441767,0.35984848484848486,0.3232127476313523,0.6032338308457712,0.48594377510040154,0.4772727272727273,"[134, 83, 44, 22]"
60,32,256,4,2,2,0.1,0.0001,0.0001,32.35294117647059,55.11363636363637,63.91752577319587,43.54838709677419,0.2411714039621015,0.5123873873873873,0.5596707818930041,0.3557692307692308,0.362489233419466,0.5341591591591591,0.6358024691358025,0.41346153846153844,"[148, 81, 52, 25]"
23,128,256,3,4,4,0.2,1e-05,0.0001,32.35294117647059,63.06818181818182,69.36936936936937,40.25974025974026,0.24289405684754523,0.5517676767676767,0.6289682539682538,0.36197916666666663,0.3165518231409704,0.624894781144781,0.7125850340136055,0.4427083333333333,"[132, 84, 64, 31]"
47,64,64,2,4,2,0.2,0.0001,0.0001,31.985294117647058,58.04597701149425,57.42574257425742,41.37931034482759,0.243755383290267,0.573671497584541,0.5352941176470587,0.266025641025641,0.3267441860465116,0.5909822866344605,0.5752941176470588,0.40384615384615385,"[138, 85, 52, 23]"
22,128,256,3,2,4,0.2,1e-05,0.001,34.92647058823529,57.36842105263158,57.798165137614674,53.96825396825397,0.24375538329026708,0.5635964912280701,0.5181159420289854,0.38888888888888884,0.3654608096468562,0.5873538011695906,0.5760869565217391,0.5701754385964912,"[152, 92, 57, 34]"
26,128,128,4,3,2,0.0,1e-05,0.001,41.72794117647059,53.74449339207048,60.65573770491803,62.16216216216216,0.24461670973298874,0.4651600753295668,0.6428571428571428,0.5874316939890709,0.4265862761986793,0.4964689265536723,0.6180533751962323,0.6584699453551912,"[177, 91, 61, 44]"
56,32,256,3,3,4,0.2,1e-05,0.0001,30.330882352941174,59.3939393939394,60.204081632653065,47.45762711864407,0.2454780361757106,0.5355392156862746,0.5645833333333334,0.3238993710691823,0.3194229112833764,0.5784313725490196,0.6354166666666666,0.4716981132075472,"[136, 80, 53, 27]"
49,64,64,2,4,2,0.1,1e-05,0.0001,33.82352941176471,64.13043478260869,66.94915254237289,50.63291139240506,0.24720068906115417,0.56924882629108,0.6704980842911877,0.4044117647058823,0.33507034165948896,0.603971048513302,0.7403530377668308,0.5196078431372548,"[142, 87, 68, 38]"
31,128,128,3,4,2,0.1,0.0001,0.001,39.338235294117645,64.01869158878505,62.04379562043796,60.0,0.2472006890611542,0.5807770961145194,0.6759259259259259,0.5194805194805194,0.38397932816537467,0.6332651670074982,0.6604938271604939,0.5974025974025974,"[163, 108, 77, 48]"
42,64,256,2,4,4,0.2,1e-05,0.0001,32.904411764705884,64.24581005586593,65.21739130434783,46.666666666666664,0.24806201550387585,0.5532407407407408,0.6594202898550724,0.37179487179487175,0.34097042779213327,0.6148726851851852,0.671583850931677,0.46923076923076923,"[144, 92, 65, 32]"
43,64,256,3,2,2,0.0,1e-05,0.0001,36.76470588235294,69.5,67.62589928057554,54.25531914893617,0.24806201550387605,0.6371882086167802,0.6618122977346277,0.43201754385964913,0.3455641688199828,0.6753590325018897,0.6857374017568192,0.5552631578947369,"[147, 103, 76, 47]"
13,32,256,2,3,4,0.2,1e-05,0.001,30.514705882352942,60.8433734939759,69.3069306930693,51.42857142857142,0.2489233419465977,0.5486618004866182,0.6097560975609757,0.3722222222222222,0.3255383290267011,0.5778588807785888,0.6890243902439024,0.5347222222222222,"[137, 82, 60, 35]"
27,128,64,2,4,4,0.2,1e-05,0.0001,35.661764705882355,63.4020618556701,65.85365853658537,41.9753086419753,0.24978466838931968,0.5283446712018142,0.6226053639846743,0.3862433862433862,0.34971289118575943,0.5830498866213152,0.6706349206349206,0.43915343915343913,"[147, 87, 63, 32]"
45,64,128,4,3,2,0.1,0.0001,0.0001,34.92647058823529,66.3157894736842,65.87301587301587,45.78313253012048,0.25064599483204125,0.5744444444444444,0.6266666666666666,0.40610328638497645,0.3588285960378984,0.6437037037037037,0.684,0.46713615023474186,"[150, 100, 71, 36]"
41,64,256,4,4,2,0.2,1e-05,0.001,37.5,51.470588235294116,64.76190476190476,54.41176470588235,0.25150732127476305,0.5229166666666667,0.568100358422939,0.45555555555555555,0.37873959230548376,0.5491319444444446,0.6344086021505376,0.5583333333333333,"[160, 93, 60, 36]"
42,64,128,3,3,4,0.1,1e-05,0.0001,35.661764705882355,62.371134020618555,63.63636363636363,51.94805194805194,0.2515073212747631,0.5878995433789954,0.5762411347517731,0.44444444444444436,0.3502153316106805,0.6145357686453577,0.648758865248227,0.5429292929292928,"[146, 94, 66, 39]"
49,64,128,3,3,4,0.2,1e-05,0.0001,36.580882352941174,60.30150753768844,62.5,45.33333333333333,0.25409130060292845,0.5277777777777777,0.6213768115942029,0.3489583333333333,0.37865345966121156,0.5736289173789173,0.6658902691511388,0.4583333333333333,"[156, 92, 64, 33]"
39,32,128,4,3,2,0.1,1e-05,0.001,42.463235294117645,65.36796536796537,72.18543046357617,62.38532110091744,0.25409130060292856,0.6484848484848484,0.7203389830508474,0.5462962962962964,0.39569336778639097,0.6722895622895624,0.7139830508474576,0.6592592592592593,"[165, 118, 90, 64]"
35,128,128,4,4,4,0.2,0.0001,0.001,26.65441176470588,64.13793103448275,41.935483870967744,48.717948717948715,0.2566752799310939,0.47265625000000006,0.4166666666666667,0.3783783783783784,0.30598621877691645,0.6432291666666667,0.4166666666666667,0.4864864864864865,"[128, 84, 37, 19]"
35,64,256,4,3,2,0.2,1e-05,0.0001,32.720588235294116,66.29213483146067,67.79661016949152,38.75,0.2566752799310939,0.597323600973236,0.6537037037037037,0.32828282828282823,0.3339362618432386,0.6390916463909164,0.6914814814814815,0.3914141414141414,"[137, 90, 66, 30]"
61,64,256,2,4,4,0.2,0.0001,0.0001,34.55882352941176,60.1063829787234,61.06194690265486,60.86956521739131,0.2575366063738156,0.55119825708061,0.5602836879432623,0.4416666666666666,0.3655900086132644,0.5958605664488018,0.6152482269503545,0.5916666666666667,"[153, 94, 60, 38]"
55,32,128,4,2,2,0.0,1e-05,0.0001,38.23529411764706,66.82692307692307,72.66187050359713,45.54455445544555,0.2575366063738158,0.6065400843881856,0.6683006535947713,0.4050632911392405,0.37721791559000856,0.6346694796061885,0.7342670401493931,0.46540084388185654,"[158, 102, 79, 42]"
43,32,256,4,3,2,0.2,1e-05,0.001,40.44117647058824,63.18181818181819,62.589928057553955,65.51724137931035,0.2618432385874246,0.5409181636726548,0.6575757575757577,0.5432900432900433,0.39243468274476023,0.6343147039254824,0.6488095238095238,0.6623376623376623,"[167, 110, 77, 53]"
39,64,128,2,4,4,0.1,1e-05,0.0001,37.5,65.19607843137256,66.16541353383458,46.590909090909086,0.2618432385874248,0.5899795501022495,0.6474358974358976,0.3558558558558559,0.3905684754521964,0.6257668711656442,0.6762820512820513,0.4797297297297297,"[163, 104, 74, 38]"
15,128,128,3,2,2,0.0,0.0001,0.001,39.338235294117645,64.01869158878505,64.96350364963503,57.30337078651685,0.2627045650301464,0.5496031746031746,0.6585760517799353,0.4955555555555555,0.40211024978466836,0.6061507936507937,0.667799352750809,0.5813333333333335,"[168, 103, 75, 47]"
10,64,256,2,2,2,0.0,1e-05,0.001,41.911764705882355,69.2982456140351,77.84810126582279,55.28455284552846,0.2627045650301464,0.6237524950099799,0.7456140350877193,0.517361111111111,0.3961240310077519,0.6653359946773121,0.8041979949874687,0.5621527777777778,"[167, 114, 96, 59]"
32,128,128,4,3,2,0.2,1e-05,0.001,35.294117647058826,42.1875,58.0246913580247,55.319148936170215,0.26270456503014644,0.3885542168674699,0.5472972972972973,0.42460317460317465,0.3981481481481481,0.43273092369477917,0.5608108108108109,0.5555555555555556,"[166, 74, 42, 25]"
27,128,128,4,3,4,0.0,0.0001,0.001,29.77941176470588,53.70370370370371,47.12643678160919,51.21951219512195,0.26270456503014644,0.4280303030303031,0.46491228070175444,0.4166666666666667,0.3144702842377261,0.5547138047138047,0.4789473684210526,0.5131578947368421,"[132, 76, 38, 21]"
49,32,64,4,2,4,0.0,1e-05,0.0001,34.00735294117647,58.91891891891892,62.38532110091744,42.64705882352941,0.26356589147286824,0.568888888888889,0.5742753623188405,0.30874316939890717,0.356244616709733,0.5892592592592593,0.6347826086956522,0.45081967213114754,"[150, 92, 61, 29]"
19,32,128,3,3,2,0.2,1e-05,0.001,41.36029411764706,60.44444444444444,63.23529411764706,55.81395348837209,0.26442721791558993,0.524390243902439,0.6560283687943262,0.4791666666666667,0.38830031581969554,0.5503895663956639,0.6955927051671731,0.5949074074074074,"[164, 94, 72, 47]"
19,128,64,4,2,4,0.2,1e-05,0.0001,34.19117647058824,63.97849462365591,63.02521008403361,40.0,0.26442721791559,0.5739514348785871,0.603942652329749,0.29743589743589743,0.3647717484926787,0.609271523178808,0.6541218637992832,0.38974358974358975,"[151, 93, 65, 29]"
19,128,128,4,4,4,0.0,0.0001,0.0001,38.23529411764706,59.61538461538461,60.483870967741936,60.0,0.2652885443583118,0.5295857988165681,0.5783333333333334,0.4974358974358974,0.40426356589147283,0.5660749506903353,0.615,0.5974358974358973,"[169, 100, 65, 42]"
17,32,64,4,4,4,0.0,0.0001,0.001,39.705882352941174,52.77777777777778,50.877192982456144,41.37931034482759,0.26614987080103353,0.4404040404040404,0.487037037037037,0.4149659863945578,0.3892908412288257,0.5334175084175083,0.51,0.44217687074829937,"[165, 90, 49, 23]"
21,64,256,3,2,4,0.2,1e-05,0.001,34.375,48.663101604278076,67.03296703296702,50.81967213114754,0.2678725236864772,0.4531963470319635,0.6898148148148147,0.3575757575757576,0.3474160206718346,0.4726027397260274,0.7303240740740741,0.5151515151515151,"[146, 72, 55, 31]"
14,64,64,2,3,2,0.2,0.0001,0.001,36.029411764705884,68.36734693877551,67.16417910447761,60.0,0.26787252368647724,0.5584988962472405,0.7142857142857144,0.49567099567099554,0.3536606373815676,0.6376011773362766,0.7193391642371234,0.6147186147186148,"[151, 98, 77, 50]"
18,64,64,4,4,4,0.0,1e-05,0.001,40.99264705882353,64.57399103139014,67.36111111111111,73.19587628865979,0.26873385012919876,0.5688622754491018,0.7484567901234568,0.6098039215686274,0.3886017800746482,0.6153526280771789,0.7217813051146384,0.7254901960784313,"[167, 108, 85, 64]"
28,64,128,4,4,4,0.1,1e-05,0.001,37.5,51.9607843137255,70.75471698113208,53.333333333333336,0.26873385012919887,0.4658385093167702,0.7359550561797753,0.4333333333333333,0.3739448751076659,0.52864044168392,0.7554307116104869,0.5357142857142857,"[161, 89, 70, 38]"
31,64,128,4,4,2,0.1,0.0001,0.0001,34.55882352941176,60.1063829787234,69.91150442477876,50.63291139240506,0.2687338501291989,0.5544662309368192,0.6370370370370371,0.36318407960199,0.36930806775768016,0.5732570806100219,0.7084656084656085,0.5199004975124378,"[153, 90, 67, 39]"
35,64,256,4,2,4,0.1,1e-05,0.0001,34.92647058823529,56.315789473684205,64.48598130841121,53.62318840579711,0.26959517657192067,0.5108225108225108,0.5988372093023255,0.4462365591397849,0.37097329888027564,0.534992784992785,0.6782945736434108,0.5403225806451613,"[154, 86, 62, 36]"
24,128,64,2,2,4,0.2,1e-05,0.0001,35.47794117647059,58.03108808290155,66.07142857142857,54.054054054054056,0.27045650301464247,0.551948051948052,0.6198501872659176,0.3968253968253968,0.36356589147286816,0.5544733044733045,0.6730337078651685,0.5608465608465609,"[154, 89, 63, 39]"
39,32,256,2,3,4,0.0,0.0001,0.0001,35.845588235294116,59.48717948717949,68.96551724137932,37.5,0.2713178294573642,0.5281385281385281,0.5970695970695971,0.2960199004975124,0.3642118863049096,0.5692640692640693,0.6913919413919415,0.36318407960199,"[154, 91, 67, 28]"
19,32,128,3,3,4,0.2,1e-05,0.001,36.580882352941174,60.80402010050251,70.24793388429752,49.411764705882355,0.27390180878552967,0.5848861283643891,0.6808176100628931,0.3734177215189873,0.3787252368647717,0.6256038647342995,0.7044025157232705,0.5,"[161, 106, 79, 41]"
21,128,256,4,2,2,0.0,0.0001,0.0001,41.544117647058826,69.91150442477876,66.45569620253164,59.04761904761905,0.2739018087855298,0.6677148846960168,0.6695906432748536,0.4862745098039216,0.3815819695664657,0.69075821104123,0.685985797827903,0.6011764705882353,"[159, 114, 85, 55]"
17,64,64,4,4,2,0.0,1e-05,0.001,41.17647058823529,65.625,71.42857142857143,59.04761904761905,0.2747631352282515,0.6021194605009634,0.7122507122507123,0.4963768115942029,0.4155038759689922,0.6608863198458574,0.7378917378917379,0.6068840579710145,"[173, 117, 92, 60]"
23,128,128,4,4,2,0.2,1e-05,0.0001,37.86764705882353,61.6504854368932,66.92913385826772,44.70588235294118,0.27562446167097326,0.5485232067510549,0.6319444444444444,0.3287037037037037,0.37648578811369515,0.5836849507735583,0.7144097222222223,0.4444444444444444,"[158, 96, 72, 36]"
23,128,128,4,4,4,0.2,1e-05,0.0001,38.970588235294116,61.32075471698113,63.84615384615384,42.168674698795186,0.2764857881136949,0.5231788079470197,0.6629213483146067,0.37562189054726364,0.3586276198679299,0.563999264164827,0.6959069020866774,0.43283582089552236,"[151, 89, 67, 34]"
53,64,64,3,2,2,0.0,0.0001,0.0001,38.60294117647059,70.47619047619048,70.94594594594594,52.38095238095239,0.27648578811369506,0.6420940170940171,0.7006172839506172,0.4274509803921569,0.3627189204708584,0.6751246438746439,0.7337962962962963,0.5425490196078432,"[156, 108, 85, 51]"
25,128,128,2,3,4,0.2,1e-05,0.0001,38.786764705882355,63.507109004739334,58.2089552238806,44.871794871794876,0.2782084409991387,0.5579710144927535,0.5723270440251571,0.3695652173913043,0.38229974160206714,0.6307798481711525,0.5965408805031447,0.4661835748792271,"[161, 106, 69, 34]"
51,64,256,3,3,4,0.1,0.0001,0.0001,40.99264705882353,69.05829596412556,63.63636363636363,59.183673469387756,0.27820844099913883,0.6004016064257028,0.6449275362318843,0.5308641975308642,0.40034453057708863,0.6733601070950469,0.6537267080745341,0.6082304526748972,"[166, 115, 81, 53]"
33,128,128,3,2,2,0.2,0.0001,0.0001,36.029411764705884,66.3265306122449,63.84615384615384,50.602409638554214,0.27906976744186046,0.5873563218390806,0.5894736842105263,0.43181818181818177,0.343252942865346,0.6382183908045977,0.6510025062656642,0.5338383838383839,"[145, 95, 66, 40]"
21,64,128,3,2,4,0.0,1e-05,0.0001,35.47794117647059,55.95854922279793,68.51851851851852,47.2972972972973,0.2799310938845821,0.5389610389610389,0.5934065934065935,0.3589743589743589,0.36860465116279073,0.5656565656565656,0.6915227629513344,0.48205128205128206,"[154, 91, 65, 34]"
40,128,256,3,2,2,0.1,0.0001,0.001,44.48529411764706,66.52892561983471,75.77639751552795,63.114754098360656,0.27993109388458226,0.5974658869395711,0.7412280701754386,0.5746527777777778,0.4073356302038473,0.6386452241715399,0.7913951545530492,0.6361111111111112,"[171, 114, 96, 66]"
38,128,128,4,4,2,0.1,0.0001,0.001,30.88235294117647,56.547619047619044,48.421052631578945,36.95652173913043,0.27993109388458226,0.39716312056737596,0.4878048780487805,0.2936507936507936,0.3430232558139535,0.5606776989755713,0.47560975609756095,0.376984126984127,"[141, 82, 42, 17]"
18,64,128,3,4,4,0.1,1e-05,0.001,42.64705882352941,65.51724137931035,67.76315789473685,57.28155339805825,0.280792420327304,0.5373737373737373,0.6405228758169934,0.5405982905982906,0.4041056560436405,0.599915824915825,0.7109243697478992,0.6017094017094018,"[165, 102, 78, 53]"
27,128,128,3,2,4,0.2,1e-05,0.0001,38.970588235294116,63.20754716981132,67.91044776119402,52.74725274725275,0.28165374677002575,0.5848484848484847,0.6650943396226414,0.4209401709401709,0.38742463393626186,0.6181818181818182,0.6949685534591195,0.5448717948717948,"[165, 106, 78, 45]"
46,64,64,4,2,4,0.1,1e-05,0.0001,36.94852941176471,57.711442786069654,57.758620689655174,55.223880597014926,0.28165374677002586,0.4968354430379746,0.5599250936329588,0.48587570621468923,0.37045650301464256,0.5513361462728551,0.6078116639914393,0.5649717514124293,"[158, 89, 59, 36]"
17,64,128,2,2,4,0.1,0.0001,0.001,40.25735294117647,66.21004566210046,70.34482758620689,69.6078431372549,0.28165374677002586,0.6395348837209304,0.68732782369146,0.5507246376811594,0.40887166236003447,0.6728036175710596,0.7258953168044077,0.6920289855072465,"[172, 121, 92, 65]"
26,64,256,4,2,4,0.0,1e-05,0.0001,38.05147058823529,65.70048309178745,69.11764705882352,57.446808510638306,0.2816537467700259,0.5502136752136751,0.727891156462585,0.4479166666666667,0.36991099626758545,0.6110220797720798,0.7589893100097181,0.5966666666666667,"[156, 98, 80, 50]"
25,128,128,2,3,4,0.2,0.0001,0.0001,40.25735294117647,63.013698630136986,59.42028985507246,45.1219512195122,0.28509905254091295,0.49898373983739835,0.6083333333333333,0.39062499999999994,0.3986649440137812,0.5857046070460705,0.5895833333333333,0.4619791666666666,"[164, 100, 64, 34]"
25,32,128,3,3,2,0.0,1e-05,0.001,48.345588235294116,65.0190114068441,71.34502923976608,59.83606557377049,0.2859603789836346,0.5762411347517731,0.7427821522309711,0.5653594771241831,0.44952627045650295,0.6422872340425532,0.7358267716535434,0.5990196078431372,"[188, 127, 102, 67]"
24,128,256,3,4,2,0.2,1e-05,0.0001,37.86764705882353,67.47572815533981,66.18705035971223,41.30434782608695,0.28596037898363474,0.6212121212121214,0.5809523809523808,0.3675799086757991,0.36589147286821705,0.6537518037518038,0.66281179138322,0.40958904109589034,"[154, 105, 73, 35]"
30,32,128,3,2,4,0.2,0.0001,0.001,40.99264705882353,60.98654708520179,60.29411764705882,51.21951219512195,0.2859603789836351,0.5319767441860465,0.6237623762376237,0.3681592039800995,0.41223083548664935,0.5713824289405686,0.613979255068364,0.5238805970149254,"[172, 101, 67, 39]"
25,128,64,3,3,2,0.2,1e-05,0.0001,35.845588235294116,59.48717948717949,64.65517241379311,44.0,0.2868217054263565,0.5353881278538812,0.6136363636363634,0.3682795698924732,0.3532299741602067,0.5818112633181126,0.662878787878788,0.4553763440860215,"[146, 88, 62, 32]"
40,128,64,4,4,2,0.2,0.0001,0.001,29.22794117647059,57.861635220125784,52.17391304347826,20.833333333333336,0.28854435831180014,0.4160756501182032,0.3995983935742973,0.20652173913043478,0.34323858742463387,0.5815602836879432,0.5301204819277109,0.20652173913043478,"[141, 83, 46, 10]"
24,128,256,2,2,2,0.2,1e-05,0.001,40.80882352941176,66.66666666666666,68.91891891891892,50.98039215686274,0.28854435831180025,0.5964912280701755,0.6826086956521741,0.42528735632183917,0.41202985931668096,0.6464424951267056,0.7061076604554866,0.48965517241379314,"[171, 115, 87, 45]"
21,32,256,2,4,4,0.0,0.0001,0.001,42.279411764705884,68.26086956521739,74.52229299363057,61.53846153846154,0.29026701119724363,0.6129943502824857,0.7622950819672131,0.53,0.4255383290267011,0.6588198367859385,0.7760538641686183,0.6343333333333334,"[177, 122, 100, 66]"
27,128,64,3,4,4,0.2,1e-05,0.0001,40.80882352941176,60.36036036036037,67.91044776119402,53.84615384615385,0.29026701119724363,0.5654761904761905,0.6343042071197412,0.4316239316239315,0.4068475452196383,0.5922619047619048,0.7135922330097088,0.5525641025641026,"[168, 103, 78, 46]"
38,128,64,2,3,2,0.2,1e-05,0.0001,39.705882352941174,61.57407407407407,75.18796992481202,51.0,0.2911283376399656,0.5396825396825398,0.7369281045751634,0.4411764705882353,0.39717197817973005,0.5746527777777778,0.7819794584500467,0.5207843137254903,"[168, 102, 85, 49]"
22,128,256,4,2,4,0.0,0.0001,0.0001,43.75,65.12605042016807,74.19354838709677,62.60869565217392,0.2919896640826871,0.5718390804597702,0.7629310344827587,0.5347222222222222,0.4178438128050531,0.6501436781609196,0.7784893267651887,0.6460069444444444,"[174, 116, 96, 67]"
21,32,64,4,4,4,0.0,1e-05,0.001,44.85294117647059,59.01639344262295,68.75,56.56565656565656,0.2919896640826874,0.5249554367201426,0.6921921921921923,0.5080321285140563,0.4520671834625322,0.5686868686868687,0.7170742170742171,0.5783132530120483,"[187, 111, 83, 52]"
19,128,256,4,4,2,0.0,1e-05,0.0001,43.56617647058824,68.35443037974683,76.5432098765432,65.32258064516128,0.29328165374677007,0.6019047619047618,0.7713498622589531,0.5616666666666668,0.41141257536606374,0.6778412698412699,0.7804407713498622,0.6593333333333333,"[175, 121, 100, 72]"
39,64,128,3,3,2,0.1,0.0001,0.001,47.794117647058826,66.53846153846153,67.63005780346822,55.55555555555556,0.2937123169681307,0.6328257191201354,0.6804511278195489,0.46127946127946123,0.47786391042204995,0.6520022560631699,0.6973684210526315,0.5513468013468014,"[197, 133, 99, 58]"
28,64,128,4,2,4,0.1,1e-05,0.001,40.44117647058824,57.27272727272727,67.46031746031747,52.94117647058824,0.2954349698535745,0.490253411306043,0.654882154882155,0.4460093896713615,0.40621590582830897,0.5583983105912931,0.6860509860509861,0.5330985915492958,"[171, 99, 71, 39]"
25,128,256,4,3,4,0.0,0.0001,0.0001,47.24264705882353,62.64591439688716,75.77639751552795,63.934426229508205,0.29543496985357454,0.6128472222222222,0.7437810945273633,0.5654205607476636,0.46214470284237724,0.6568865740740741,0.7711442786069651,0.639563862928349,"[192, 134, 107, 72]"
55,64,256,2,4,2,0.2,1e-05,0.0001,38.419117647058826,62.67942583732058,67.93893129770993,47.19101123595505,0.29801894918173977,0.5558943089430894,0.6423948220064726,0.37662337662337664,0.401464254952627,0.6097560975609757,0.6957928802588996,0.4632034632034633,"[164, 103, 77, 39]"
25,128,128,2,4,4,0.1,0.0001,0.0001,42.64705882352941,61.63793103448276,65.03496503496503,58.06451612903226,0.3006029285099053,0.5587121212121212,0.6196969696969697,0.47863247863247865,0.4154751650875681,0.5979324494949494,0.666017316017316,0.5961538461538461,"[176, 110, 78, 51]"
42,64,64,3,3,4,0.0,0.0001,0.0001,42.830882352941174,66.95278969957081,64.74358974358975,49.504950495049506,0.3006029285099053,0.598314606741573,0.6097222222222223,0.4431372549019608,0.43010335917312664,0.6495006242197253,0.6702380952380953,0.512549019607843,"[178, 120, 85, 47]"
19,32,256,2,3,4,0.1,0.0001,0.001,42.64705882352941,65.08620689655173,63.576158940397356,58.333333333333336,0.30146425495262696,0.5754189944134077,0.6091954022988505,0.49382716049382736,0.4296726959517657,0.6374922408441962,0.6574302134646962,0.5979423868312757,"[179, 116, 81, 52]"
32,32,128,2,2,2,0.1,0.0001,0.001,45.036764705882355,66.53061224489795,69.32515337423312,65.48672566371681,0.30146425495262696,0.6101851851851853,0.7675070028011206,0.5096153846153848,0.4254665518231409,0.6277006172839505,0.8024009603841538,0.6602564102564101,"[180, 119, 104, 72]"
20,128,256,4,4,4,0.0,1e-05,0.0001,46.13970588235294,67.33067729083665,71.59763313609467,57.85123966942148,0.30146425495262713,0.5613553113553112,0.7371273712737128,0.522108843537415,0.4358311800172266,0.6480463980463981,0.7379016647309329,0.6095238095238096,"[182, 123, 98, 67]"
13,64,128,2,3,4,0.1,1e-05,0.001,44.669117647058826,72.0164609053498,66.28571428571428,56.896551724137936,0.3023255813953488,0.611111111111111,0.7046070460704608,0.482638888888889,0.41732701693942004,0.6799968071519795,0.7174603174603175,0.5885416666666667,"[174, 123, 96, 60]"
13,32,128,2,3,4,0.0,1e-05,0.001,43.19852941176471,71.91489361702128,73.37278106508876,64.51612903225806,0.30232558139534893,0.6162790697674417,0.7520325203252034,0.5544554455445546,0.41655182314097033,0.6985626614987079,0.7668795973674022,0.6683168316831684,"[172, 123, 101, 72]"
27,64,128,4,2,4,0.0,1e-05,0.001,44.30147058823529,68.46473029045643,71.51515151515152,70.33898305084746,0.30318690783807056,0.5736648250460407,0.7394957983193277,0.5975177304964538,0.43472581108240016,0.6325199508901167,0.7440976390556223,0.6950354609929079,"[181, 119, 94, 71]"
16,32,256,2,4,2,0.0,1e-05,0.001,39.88970588235294,72.81105990783409,72.15189873417721,61.40350877192983,0.3031869078380707,0.6517094017094017,0.7045454545454546,0.4963369963369963,0.3724519092736146,0.6839921652421652,0.772878787878788,0.6117216117216117,"[156, 110, 91, 61]"
15,64,64,3,2,4,0.2,1e-05,0.001,39.338235294117645,65.88785046728972,66.66666666666666,62.76595744680851,0.3031869078380708,0.5802083333333334,0.5952380952380952,0.5228310502283104,0.3772609819121447,0.6371527777777778,0.6580498866213152,0.6383561643835618,"[160, 105, 73, 51]"
23,128,256,2,2,4,0.1,0.0001,0.0001,42.279411764705884,62.17391304347826,67.83216783216784,60.824742268041234,0.3040482342807924,0.5502958579881656,0.6712962962962962,0.4899598393574297,0.4106517370083261,0.6090565417488495,0.7117504409171075,0.6297188755020081,"[169, 108, 83, 55]"
17,64,256,3,4,4,0.0,1e-05,0.001,46.69117647058824,64.56692913385827,76.21951219512195,68.0,0.30490956072351405,0.5506872852233677,0.7741935483870969,0.5817307692307693,0.4646856158484066,0.6166093928980527,0.797244623655914,0.6769230769230768,"[194, 124, 104, 74]"
23,128,64,4,4,2,0.0,1e-05,0.0001,46.69117647058824,71.25984251968504,66.85082872928176,59.50413223140496,0.3083548664944014,0.6194158075601375,0.7052238805970148,0.49038461538461536,0.46448463967843806,0.6803407789232531,0.7152629708599857,0.5971153846153846,"[194, 134, 104, 65]"
42,64,128,4,2,4,0.0,0.0001,0.0001,43.01470588235294,72.64957264957265,70.58823529411765,55.00000000000001,0.309216192937123,0.6221590909090912,0.6786666666666668,0.450171821305842,0.4192075796726959,0.694760101010101,0.7286285714285714,0.5378006872852233,"[176, 125, 97, 56]"
25,128,128,3,4,2,0.0,0.0001,0.001,44.669117647058826,62.55144032921811,69.07894736842105,63.8095238095238,0.3092161929371231,0.5735567970204842,0.7198275862068966,0.5164835164835165,0.4301464254952627,0.616387337057728,0.7183908045977011,0.6373626373626373,"[179, 116, 91, 61]"
20,32,128,2,4,4,0.0,0.0001,0.001,47.24264705882353,62.64591439688716,69.56521739130434,65.17857142857143,0.31007751937984485,0.5538971807628524,0.6981627296587927,0.5833333333333334,0.4876830318690783,0.6122166943062466,0.7190288713910761,0.6683673469387755,"[201, 127, 98, 70]"
21,64,64,4,4,2,0.2,0.0001,0.001,44.30147058823529,68.46473029045643,66.66666666666666,57.27272727272727,0.3152454780361756,0.6186274509803921,0.6374269005847955,0.4864341085271318,0.4034165948894631,0.6492647058823529,0.682936507936508,0.6166666666666667,"[170, 114, 86, 57]"
40,128,64,2,4,4,0.1,0.0001,0.0001,45.404411764705884,67.20647773279353,69.87951807228916,56.896551724137936,0.3152454780361757,0.5818882466281308,0.7212643678160922,0.5263157894736842,0.4190496698248635,0.6390333975594092,0.7509852216748768,0.5971929824561404,"[173, 116, 95, 62]"
22,32,128,2,3,4,0.1,1e-05,0.001,46.69117647058824,66.14173228346458,71.42857142857143,61.66666666666667,0.31524547803617575,0.6059027777777778,0.6878306878306881,0.5433333333333334,0.4597042779213321,0.6393952546296297,0.7451814058956916,0.634,"[192, 126, 100, 68]"
26,64,128,3,4,2,0.1,1e-05,0.001,40.44117647058824,64.54545454545455,72.53521126760563,65.0485436893204,0.3161068044788974,0.6092278719397364,0.6977401129943502,0.5035842293906811,0.4229974160206718,0.6487758945386064,0.751412429378531,0.6666666666666666,"[177, 118, 93, 65]"
31,32,128,3,3,4,0.2,0.0001,0.001,45.955882352941174,66.0,66.66666666666666,57.27272727272727,0.31610680447889755,0.595108695652174,0.6180555555555557,0.5000000000000001,0.4454062589721504,0.6348882850241546,0.6715277777777777,0.6037254901960785,"[184, 120, 85, 58]"
13,64,128,2,3,2,0.2,1e-05,0.001,40.625,61.53846153846154,73.52941176470588,56.00000000000001,0.3161068044788976,0.5815018315018315,0.6533923303834808,0.44573643410852715,0.4367786391042205,0.5979853479853481,0.7389380530973451,0.5709302325581396,"[182, 113, 86, 52]"
26,32,128,4,4,4,0.0,0.0001,0.001,45.036764705882355,63.6734693877551,64.1025641025641,50.0,0.31782945736434104,0.5428051001821494,0.6681547619047619,0.4357429718875502,0.43485501004880844,0.5919095324833029,0.6797406462585034,0.5020080321285141,"[183, 112, 83, 46]"
20,128,64,4,3,2,0.0,0.0001,0.0001,43.75,63.86554621848739,71.05263157894737,63.888888888888886,0.31869078380706295,0.567219152854512,0.7040229885057473,0.5289855072463768,0.42438989376973874,0.6153314917127072,0.7452791461412152,0.6521739130434782,"[181, 116, 92, 65]"
20,64,128,4,2,2,0.0,1e-05,0.001,42.095588235294116,59.388646288209614,66.17647058823529,53.333333333333336,0.31955211024978475,0.46317829457364346,0.6274509803921569,0.4588744588744588,0.41770025839793273,0.569186046511628,0.6911764705882354,0.5367965367965368,"[172, 102, 77, 44]"
14,32,256,3,4,4,0.0,1e-05,0.001,42.64705882352941,65.51724137931035,61.18421052631579,50.53763440860215,0.3195521102497848,0.550561797752809,0.6194690265486726,0.4465020576131688,0.4209876543209876,0.6225811485642946,0.6571849978929625,0.5156378600823045,"[178, 113, 81, 44]"
24,128,128,2,2,2,0.0,1e-05,0.0001,43.75,62.60504201680672,68.45637583892618,66.66666666666666,0.32127476313522807,0.5571161048689138,0.7051282051282052,0.5549645390070922,0.42740453631926495,0.621332709113608,0.733007733007733,0.6702127659574468,"[178, 117, 94, 64]"
10,128,256,2,4,2,0.0,1e-05,0.001,47.794117647058826,65.76923076923077,73.09941520467837,60.8,0.3212747631352282,0.6067019400352734,0.6959999999999998,0.4982638888888889,0.45186620729256377,0.6424897119341564,0.7172380952380952,0.6121527777777778,"[189, 125, 96, 64]"
18,64,256,3,3,4,0.1,1e-05,0.001,42.463235294117645,66.23376623376623,69.28104575163398,65.09433962264151,0.32127476313522835,0.6346516007532957,0.6409214092140922,0.49267399267399264,0.42166236003445307,0.6713747645951036,0.7066395663956638,0.6362637362637362,"[177, 123, 91, 60]"
36,64,256,2,4,2,0.0,0.0001,0.0001,47.05882352941176,67.578125,69.94219653179191,57.02479338842975,0.3221360895779499,0.569084628670121,0.7700258397932818,0.470679012345679,0.4584553545793855,0.6484599884858951,0.772702104097453,0.5734567901234568,"[193, 129, 108, 64]"
20,128,64,2,4,4,0.0,0.0001,0.0001,45.404411764705884,57.89473684210527,65.73426573426573,60.63829787234043,0.3221360895779499,0.4729493891797557,0.7023809523809524,0.5365853658536586,0.4617140396210163,0.560500290866783,0.6880952380952381,0.6016260162601625,"[191, 112, 82, 52]"
42,32,128,3,2,2,0.1,0.0001,0.001,42.64705882352941,64.65517241379311,72.66666666666667,57.798165137614674,0.3229974160206719,0.548964218455744,0.7181818181818181,0.4625468164794007,0.4271317829457364,0.610797237915882,0.7561688311688312,0.6048689138576779,"[177, 110, 89, 58]"
17,32,64,3,3,4,0.0,1e-05,0.001,46.32352941176471,64.28571428571429,65.4320987654321,50.943396226415096,0.32342807924203243,0.5421146953405017,0.6422764227642277,0.4616858237547892,0.44999999999999996,0.6190561529271207,0.662020905923345,0.5283524904214559,"[186, 123, 87, 50]"
32,32,64,3,2,2,0.1,0.0001,0.001,45.588235294117645,68.95161290322581,71.34502923976608,62.295081967213115,0.3238587424633935,0.6123188405797101,0.7480314960629921,0.5033003300330033,0.4406258972150444,0.6584390096618357,0.7620547431571054,0.6122112211221122,"[184, 127, 101, 67]"
19,32,64,2,3,2,0.0,0.0001,0.001,46.32352941176471,71.03174603174604,74.86033519553072,70.1492537313433,0.3238587424633935,0.6539115646258504,0.7535211267605634,0.5434782608695653,0.46998277347114553,0.6992630385487528,0.7676056338028169,0.6826086956521739,"[196, 142, 115, 81]"
14,128,64,2,2,4,0.1,0.0001,0.001,43.56617647058824,73.83966244725738,76.0,66.16541353383458,0.32385874246339363,0.6732954545454546,0.7493638676844784,0.5420289855072464,0.4201693942004019,0.7211963383838383,0.8216466739367503,0.6702898550724639,"[176, 131, 115, 82]"
18,128,256,3,3,4,0.0,1e-05,0.0001,50.73529411764706,71.37681159420289,69.03553299492386,58.82352941176471,0.3247200689061153,0.6316666666666666,0.7446808510638298,0.49999999999999994,0.48218489807637094,0.6733194444444445,0.7484042553191489,0.5739766081871346,"[200, 141, 114, 69]"
10,64,128,2,2,4,0.0,1e-05,0.001,47.05882352941176,67.578125,73.98843930635837,65.625,0.3247200689061154,0.6338652482269503,0.7192982456140351,0.5625000000000001,0.45331610680447876,0.6856382978723403,0.780827067669173,0.6770833333333334,"[188, 133, 112, 81]"
8,64,64,3,2,4,0.0,1e-05,0.001,41.72794117647059,59.91189427312775,71.32352941176471,62.88659793814433,0.3255813953488374,0.5277777777777777,0.6637426900584795,0.5462962962962963,0.431266149870801,0.597530864197531,0.7543859649122808,0.6277777777777778,"[180, 114, 90, 58]"
10,128,256,2,4,4,0.1,1e-05,0.001,43.38235294117647,61.016949152542374,72.22222222222221,60.57692307692307,0.32644272179155887,0.571969696969697,0.6666666666666667,0.4469696969696969,0.42149009474590865,0.6115845959595959,0.7410714285714286,0.6003787878787878,"[176, 112, 88, 57]"
34,128,128,4,2,2,0.1,1e-05,0.0001,45.036764705882355,68.57142857142857,69.04761904761905,65.51724137931035,0.3273040482342807,0.6137992831541219,0.6989247311827956,0.5306122448979592,0.4498420901521676,0.6511947431302271,0.7543682795698925,0.6625850340136055,"[186, 124, 98, 68]"
13,64,256,2,3,4,0.0,0.0001,0.001,48.529411764705884,70.45454545454545,70.96774193548387,62.878787878787875,0.3281653746770026,0.5923076923076924,0.7407407407407407,0.5462962962962964,0.4643123743898937,0.670014245014245,0.746031746031746,0.6419753086419754,"[195, 135, 108, 75]"
25,32,256,2,3,4,0.1,1e-05,0.001,43.75,65.54621848739495,69.87179487179486,66.05504587155964,0.3281653746770026,0.595505617977528,0.7086834733893559,0.5238095238095238,0.42803617571059427,0.6464419475655432,0.7163865546218487,0.6648351648351649,"[178, 119, 91, 65]"
26,32,128,2,4,2,0.2,1e-05,0.001,42.64705882352941,65.51724137931035,68.42105263157895,61.53846153846154,0.3290267011197244,0.5546139359698681,0.6887905604719765,0.4794007490636705,0.43139534883720926,0.6211550533584432,0.72606405394016,0.6367041198501873,"[177, 113, 89, 62]"
9,128,64,2,3,4,0.1,1e-05,0.001,40.25735294117647,60.273972602739725,74.24242424242425,64.28571428571429,0.3290267011197244,0.5399610136452242,0.7419871794871794,0.4696969696969697,0.4052110249784668,0.5935672514619883,0.799198717948718,0.6344696969696969,"[171, 104, 88, 58]"
16,64,128,2,2,4,0.2,1e-05,0.001,41.911764705882355,70.17543859649122,68.125,63.30275229357798,0.32988802756244623,0.5895238095238095,0.6737891737891739,0.50936329588015,0.4228682170542636,0.6615873015873015,0.6995319495319494,0.6393258426966291,"[175, 117, 89, 61]"
50,32,256,3,4,2,0.2,0.0001,0.001,46.32352941176471,61.50793650793651,68.38709677419355,53.77358490566038,0.33074935400516803,0.5670194003527337,0.6391184573002756,0.5116279069767442,0.4463967843812804,0.6141240446796004,0.6814246359700905,0.5503875968992248,"[189, 121, 86, 53]"
27,128,128,2,2,4,0.1,1e-05,0.0001,43.19852941176471,65.1063829787234,70.58823529411765,54.629629629629626,0.3316106804478897,0.5448717948717949,0.6869565217391305,0.44886363636363635,0.43096468561584833,0.6154456654456655,0.7196687370600414,0.556060606060606,"[182, 115, 88, 54]"
37,128,256,4,3,2,0.1,0.0001,0.0001,44.30147058823529,65.56016597510373,68.35443037974683,56.481481481481474,0.33247200689061157,0.566849816849817,0.6695156695156698,0.4944444444444445,0.43481194372667237,0.6260683760683761,0.7187627187627187,0.5714814814814815,"[182, 117, 90, 57]"
7,128,64,2,3,4,0.0,1e-05,0.001,46.13970588235294,66.53386454183267,74.25149700598801,66.93548387096774,0.3333333333333334,0.5942028985507246,0.7419354838709679,0.5738993710691824,0.4411714039621016,0.646135265700483,0.8033410138248848,0.6864779874213837,"[184, 124, 106, 77]"
12,128,256,2,3,4,0.0,1e-05,0.001,44.85294117647059,69.26229508196722,69.8224852071006,63.559322033898304,0.33591731266149844,0.5686813186813187,0.69140625,0.5716666666666667,0.44048234280792414,0.677960927960928,0.7274739583333334,0.66,"[182, 128, 100, 69]"
13,128,256,2,4,4,0.0,0.0001,0.001,47.42647058823529,63.17829457364341,74.84662576687117,78.68852459016394,0.33677863910422046,0.5607638888888887,0.7513227513227514,0.6635514018691591,0.4640970427792133,0.6249855324074075,0.7984882842025699,0.7929906542056074,"[192, 126, 107, 87]"
17,64,256,2,3,4,0.1,1e-05,0.001,46.69117647058824,70.47244094488188,76.53631284916202,63.503649635036496,0.3376399655469425,0.6326352530541012,0.7493917274939172,0.5172413793103449,0.45288544358311805,0.697847585805701,0.7995133819951337,0.6402298850574711,"[191, 137, 116, 78]"
24,32,256,2,3,2,0.0,0.0001,0.001,46.32352941176471,74.60317460317461,73.93617021276596,73.38129496402878,0.3385012919896642,0.6403985507246376,0.7476190476190476,0.6144927536231886,0.44295147861039325,0.7411684782608695,0.7729931972789116,0.7342028985507245,"[184, 140, 115, 88]"
32,128,64,2,3,4,0.1,0.0001,0.0001,47.24264705882353,67.70428015564202,68.39080459770115,55.46218487394958,0.3419465977605514,0.5790378006872854,0.6437659033078881,0.4814814814814815,0.47081538903244313,0.6588631156930125,0.7166484914576517,0.5673400673400674,"[194, 131, 99, 62]"
24,64,64,3,2,2,0.1,0.0001,0.001,44.85294117647059,61.885245901639344,66.22516556291392,53.0,0.34280792420327316,0.5043859649122806,0.6612021857923497,0.46212121212121215,0.45267011197243756,0.626608187134503,0.6789617486338798,0.5321969696969697,"[190, 122, 88, 50]"
18,64,256,2,2,4,0.1,1e-05,0.001,48.345588235294116,68.8212927756654,74.58563535911603,65.92592592592592,0.34280792420327316,0.6280068728522338,0.7529550827423168,0.514367816091954,0.4738300315819695,0.6895618556701031,0.7819148936170212,0.6643678160919542,"[194, 141, 116, 80]"
18,64,128,2,4,2,0.0,0.0001,0.001,53.49264705882353,71.1340206185567,71.01449275362319,65.98639455782312,0.34366925064599463,0.6415525114155254,0.7172043010752688,0.5867768595041323,0.5237869652598335,0.6856291222729577,0.737941628264209,0.6721763085399448,"[219, 155, 121, 88]"
32,128,256,2,3,2,0.1,0.0001,0.0001,46.13970588235294,68.52589641434263,74.4186046511628,60.15625,0.3445305770887167,0.6071428571428572,0.6924019607843137,0.48611111111111116,0.463479758828596,0.6706349206349206,0.76234243697479,0.6327160493827161,"[196, 136, 108, 73]"
18,128,64,3,4,4,0.1,1e-05,0.001,46.69117647058824,64.1732283464567,73.00613496932516,59.66386554621849,0.3471145564168821,0.577127659574468,0.7013333333333334,0.44833333333333336,0.45525409130060296,0.6380614657210403,0.7501333333333333,0.586,"[188, 125, 100, 62]"
16,64,64,2,3,4,0.1,0.0001,0.001,47.05882352941176,65.625,73.21428571428571,60.16260162601627,0.34797588285960357,0.5767326732673267,0.7649253731343285,0.5030581039755353,0.4753229974160206,0.6427392739273928,0.7717661691542289,0.6269113149847095,"[202, 134, 109, 72]"
22,128,256,2,4,4,0.0,0.0001,0.0001,46.50735294117647,69.1699604743083,76.57142857142857,68.65671641791045,0.35055986218776936,0.6077441077441077,0.7446808510638296,0.5798319327731094,0.47377260981912134,0.6896745230078563,0.7956264775413712,0.6927170868347339,"[198, 141, 119, 86]"
7,128,64,2,2,4,0.0,1e-05,0.001,45.77205882352941,61.84738955823293,73.37662337662337,60.17699115044248,0.35228251507321284,0.5536013400335008,0.6772486772486772,0.5214521452145215,0.4804909560723513,0.6147403685092127,0.7588624338624339,0.6171617161716172,"[199, 126, 101, 65]"
15,64,128,2,3,4,0.2,1e-05,0.001,40.25735294117647,63.4703196347032,68.34532374100719,56.84210526315789,0.35572782084409976,0.5614525139664805,0.5781710914454278,0.4556962025316455,0.42795004306632217,0.6191806331471136,0.6725663716814158,0.5856540084388187,"[179, 113, 79, 48]"
33,128,64,2,3,2,0.1,0.0001,0.0001,46.50735294117647,69.1699604743083,74.85714285714286,58.01526717557252,0.359173126614987,0.5903508771929825,0.7205513784461153,0.5031152647975079,0.45910134941142694,0.6785818713450291,0.7765843179377013,0.5975077881619938,"[190, 133, 107, 70]"
39,64,128,4,3,4,0.1,0.0001,0.001,49.44852941176471,62.0817843866171,77.24550898203593,71.31782945736434,0.36347975882859607,0.5333333333333333,0.7408963585434174,0.591346153846154,0.47167671547516504,0.584031339031339,0.829111644657863,0.7317307692307692,"[195, 119, 104, 80]"
13,128,128,2,3,2,0.0,1e-05,0.001,46.50735294117647,63.63636363636363,75.77639751552795,73.77049180327869,0.3634797588285962,0.5260416666666666,0.7741046831955924,0.5760517799352751,0.46642262417456204,0.6038049768518519,0.8059425423061786,0.7475728155339806,"[192, 121, 103, 82]"
16,32,256,2,2,4,0.0,0.0001,0.001,48.345588235294116,66.15969581749049,72.41379310344827,61.904761904761905,0.36692506459948315,0.5718954248366014,0.7230392156862746,0.5015015015015016,0.4978466838931955,0.6435185185185185,0.7677345938375351,0.6066066066066066,"[204, 136, 111, 71]"
34,128,128,2,4,2,0.2,0.0001,0.001,53.125,69.20415224913495,74.0,60.810810810810814,0.37984496124031003,0.6219135802469138,0.7644444444444444,0.4756410256410257,0.5195664656904967,0.6756044238683127,0.8025714285714287,0.6076923076923076,"[216, 150, 130, 83]"
18,64,64,2,4,4,0.0,0.0001,0.001,54.96323529411765,68.56187290969899,77.5609756097561,71.0691823899371,0.37984496124031014,0.6374807987711215,0.7311827956989247,0.6256410256410257,0.526457077232271,0.6874039938556067,0.7903225806451611,0.7289743589743589,"[217, 155, 130, 100]"
25,64,128,2,3,2,0.2,0.0001,0.001,52.75735294117647,71.77700348432056,76.2135922330097,52.22929936305732,0.3996554694229114,0.6064814814814815,0.7614379084967322,0.42317708333333337,0.5209876543209876,0.6888245884773662,0.7949735449735451,0.5351562500000001,"[216, 153, 128, 76]"
