#epochs,embedding_dim,feedforward_dim,enc_layers,dec_layers,attention_heads,dropout,weight_decay,learning_rate,Precisionatn nivel1,Precisionatn nivel2,Precisionatn nivel3,Precisionatn nivel4,Precision nivel1,Precision nivel2,Precision nivel3,Precision nivel4,Recall nivel1,Recall nivel2,Recall nivel3,Recall nivel4,Drugs that have at least one match,F1 nivel1
22,128,256,4,3,2,0.1,0.0001,0.0001,68.93382352941177,83.2,87.5,78.3882783882784,0.6192937123169681,0.7928403755868543,0.7791164658634541,0.5405797101449273,0.6966982486362332,0.858910406885759,0.8967775865366228,0.8028985507246377,"[284, 249, 230, 191]",0.655719575141092
27,128,128,2,2,2,0.1,1e-05,0.0001,67.46323529411765,86.92098092643052,78.99686520376176,77.77777777777779,0.6227390180878551,0.7636904761904761,0.7719298245614034,0.5304414003044137,0.6902383003158197,0.8684027777777777,0.8505783689994216,0.7869101978691019,"[280, 247, 219, 176]",0.6547536128162571
27,128,128,2,3,2,0.1,1e-05,0.0001,68.19852941176471,84.09703504043127,83.33333333333334,81.53846153846153,0.6037898363479759,0.755868544600939,0.8030942334739802,0.5494672754946724,0.6950617283950619,0.8244816118935837,0.8847197106690778,0.8269406392694064,"[284, 237, 219, 186]",0.6462188884877275
33,64,64,4,2,4,0.0,0.0001,0.0001,67.64705882352942,82.06521739130434,80.13245033112582,72.31404958677686,0.6115417743324718,0.749699157641396,0.7310924369747899,0.5219512195121949,0.6807206431237438,0.8366927396710792,0.8249099639855942,0.7398373983739839,"[277, 238, 205, 160]",0.6442795275902083
18,128,256,4,3,4,0.0,1e-05,0.0001,71.32352941176471,84.27835051546391,88.9908256880734,79.38144329896907,0.5908699397071493,0.7614035087719295,0.8399470899470899,0.5896358543417366,0.703761125466552,0.8644736842105263,0.919189342403628,0.8064425770308123,"[285, 252, 238, 201]",0.6423935049277761
23,128,256,2,2,4,0.1,0.0001,0.0001,68.01470588235294,87.02702702702703,83.22981366459628,71.64179104477611,0.6020671834625324,0.7726190476190472,0.8232118758434546,0.4875183553597649,0.6864484639678439,0.8672123015873016,0.8853383458646618,0.7221732745961821,"[280, 247, 227, 171]",0.6414948768647112
27,64,256,3,2,4,0.2,0.0001,0.001,70.95588235294117,82.64248704663213,84.01253918495298,78.73134328358209,0.585701981050818,0.7775842044134726,0.7993055555555554,0.5650224215246635,0.707206431237439,0.8174893534649632,0.8906448412698413,0.7989536621823619,"[287, 240, 223, 186]",0.6407448568681716
34,64,256,4,2,2,0.1,1e-05,0.0001,66.54411764705883,77.90055248618785,83.68794326241135,72.03389830508475,0.6106804478897501,0.7458033573141484,0.7254464285714286,0.5032840722495893,0.6729687051392477,0.7809252597921663,0.8798788265306123,0.7348111658456487,"[278, 224, 203, 156]",0.6403133275170511
32,128,64,2,3,4,0.1,0.0001,0.0001,68.93382352941177,83.73333333333333,82.80254777070064,76.53846153846153,0.5917312661498705,0.7652582159624413,0.8006802721088437,0.5510510510510508,0.69420040195234,0.8417351330203443,0.8755004859086492,0.7778528528528529,"[284, 245, 222, 179]",0.6388832206228191
24,128,256,2,2,4,0.2,1e-05,0.0001,67.09558823529412,82.1917808219178,82.0,71.54471544715447,0.6012058570198104,0.7934782608695651,0.7506830601092895,0.4847792998477929,0.674519092736147,0.8502314814814815,0.8641100702576113,0.7255707762557078,"[276, 244, 219, 165]",0.6357558959746551
18,128,256,4,4,4,0.1,1e-05,0.0001,68.38235294117648,85.21505376344086,86.1198738170347,74.35897435897436,0.5925925925925926,0.7936221419975933,0.7873333333333333,0.5174672489082968,0.6822279643985071,0.8745988768551946,0.8905047619047619,0.758806404657933,"[277, 250, 229, 179]",0.6342590507267775
18,32,256,2,2,2,0.0,1e-05,0.001,69.11764705882352,80.85106382978722,85.85526315789474,80.84291187739464,0.5796726959517658,0.7391048292108356,0.8119834710743801,0.6352765321375188,0.6975165087568188,0.8277875932469572,0.8933884297520662,0.8116591928251121,"[283, 242, 223, 186]",0.6331579903921669
23,128,128,3,3,2,0.1,0.0001,0.0001,67.64705882352942,83.96739130434783,84.78964401294499,75.95419847328245,0.5943152454780358,0.7729468599033816,0.8032212885154059,0.5339366515837102,0.6758972150445018,0.8419786634460548,0.8987995198079232,0.7794117647058822,"[276, 238, 221, 180]",0.6324863465940884
23,128,128,3,4,2,0.1,0.0001,0.0001,68.38235294117648,83.60215053763442,85.20900321543408,78.49056603773586,0.5891472868217055,0.7997601918465227,0.7935528120713307,0.5257575757575755,0.6804191788687912,0.8501099120703438,0.8727611209092692,0.8003787878787879,"[278, 243, 220, 181]",0.6315023655165245
20,128,256,3,3,4,0.0,0.0001,0.001,67.64705882352942,83.96739130434783,87.70226537216828,84.50184501845018,0.5745047372954352,0.771867612293144,0.8134130146082336,0.642135642135642,0.7004019523399369,0.868784475965327,0.9009675583380762,0.8495670995670996,"[282, 251, 231, 201]",0.6312371609648525
15,128,256,3,2,4,0.0,0.0001,0.0001,68.01470588235294,84.5945945945946,85.3035143769968,80.89887640449437,0.583979328165375,0.7681159420289853,0.8202479338842976,0.5807860262008734,0.6848119437266724,0.8554247181964574,0.9012888626524992,0.8180494905385736,"[276, 242, 229, 191]",0.6303889815079888
20,128,256,3,4,2,0.2,1e-05,0.0001,66.17647058823529,84.44444444444444,81.25,66.80161943319838,0.5994832041343667,0.7785977859778596,0.7361702127659572,0.4790660225442832,0.6628050531151307,0.8472427224272242,0.8581965552178319,0.6974235104669888,"[271, 235, 207, 153]",0.6295558794529312
22,128,128,4,3,2,0.0,0.0001,0.0001,69.11764705882352,84.8404255319149,87.46081504702194,80.64516129032258,0.5719207579672694,0.7779740871613661,0.8313172043010753,0.6042553191489362,0.6975595750789549,0.8576658814291322,0.914333717357911,0.8236879432624113,"[283, 248, 235, 200]",0.6285230113792645
37,64,128,2,3,4,0.1,1e-05,0.0001,65.44117647058823,81.46067415730337,85.51724137931035,72.98387096774194,0.602067183462532,0.7319651741293528,0.7694566813509544,0.5128824476650564,0.6571633649153029,0.8292184908789387,0.884078036500944,0.7504025764895329,"[268, 227, 207, 165]",0.6284099392267903
22,128,64,4,2,4,0.1,0.0001,0.0001,65.44117647058823,80.89887640449437,84.72222222222221,74.59016393442623,0.5960378983634795,0.7453874538745386,0.7814327485380119,0.4975845410628017,0.6598334768877404,0.8189319393193931,0.8796157059314954,0.7552334943639291,"[271, 228, 207, 162]",0.6263153481866165
26,128,256,2,4,2,0.2,0.0001,0.001,66.91176470588235,84.06593406593407,84.9673202614379,77.3076923076923,0.5813953488372089,0.7761557177615568,0.8222222222222225,0.533033033033033,0.6785673270169394,0.8522607461476074,0.8887400793650794,0.7915915915915915,"[274, 240, 222, 182]",0.626234245443973
29,64,256,4,4,4,0.2,0.0001,0.001,67.46323529411765,82.01634877384197,87.37541528239203,79.08745247148289,0.573643410852713,0.7511904761904762,0.823570432357043,0.5795454545454543,0.6891185759402814,0.8323710317460318,0.8957959752938832,0.8084090909090909,"[280, 239, 220, 184]",0.6261010935058351
30,64,128,3,3,4,0.0,1e-05,0.0001,67.64705882352942,82.33695652173914,84.15841584158416,78.43137254901961,0.5779500430663224,0.7607913669064746,0.773305084745763,0.5764525993883791,0.6829170255526845,0.8312849720223822,0.8858857949959644,0.7859327217125381,"[278, 236, 218, 176]",0.6260642920291256
16,128,128,4,2,2,0.0,0.0001,0.0001,65.44117647058823,85.67415730337079,82.62295081967214,73.01587301587301,0.5943152454780358,0.7866915422885571,0.7818930041152264,0.515625,0.6584553545793856,0.8843179933665009,0.8768273564569862,0.7373511904761906,"[268, 243, 224, 172]",0.6247433579224126
37,64,256,2,3,2,0.1,0.0001,0.0001,65.99264705882352,83.28690807799443,81.93979933110369,74.28571428571429,0.5839793281653743,0.7551892551892552,0.7828947368421055,0.4952606635071088,0.6702124605225378,0.8210724460724461,0.8816729323308271,0.7484202211690363,"[273, 228, 211, 165]",0.6241313744104029
21,128,256,3,4,4,0.0,1e-05,0.0001,68.93382352941177,85.06666666666666,89.65517241379311,81.11888111888112,0.5719207579672698,0.7761732851985558,0.844621513944223,0.6286919831223627,0.6836491530289979,0.8838648215002006,0.9220925820527416,0.8329113924050634,"[277, 251, 237, 205]",0.6228138128505833
25,128,64,4,4,4,0.0,1e-05,0.0001,68.38235294117648,87.09677419354838,85.18518518518519,80.07246376811594,0.5714900947459084,0.7518115942028983,0.8170068027210884,0.6240981240981243,0.6815819695664658,0.8752314814814816,0.897910592808552,0.8015873015873015,"[276, 245, 231, 190]",0.6216998294960646
37,64,64,2,2,4,0.0,1e-05,0.0001,66.72794117647058,80.44077134986226,83.9041095890411,77.55102040816327,0.5822566752799311,0.7201722017220168,0.7792792792792793,0.5739837398373981,0.6653028997990238,0.8010967609676097,0.8804912054912055,0.7853658536585366,"[271, 222, 205, 167]",0.6210157209791934
35,128,256,4,3,4,0.1,1e-05,0.001,70.58823529411765,81.77083333333334,85.35031847133759,80.22388059701493,0.5598621877691645,0.7835112692763938,0.8099173553719006,0.6086309523809524,0.6968705139247774,0.8293297746144722,0.8906434474616294,0.8098958333333333,"[281, 242, 224, 188]",0.6208980636723549
29,64,128,4,4,4,0.1,1e-05,0.001,69.30147058823529,81.6976127320955,84.74025974025975,75.09578544061303,0.5590008613264426,0.7579505300353357,0.7838214783821479,0.5818042813455656,0.6979471719781799,0.8243325480957989,0.8848874277744571,0.7519113149847094,"[283, 239, 218, 172]",0.620794273046296
26,128,256,2,4,4,0.2,1e-05,0.0001,66.91176470588235,83.79120879120879,83.27868852459017,71.65354330708661,0.5779500430663224,0.7637362637362637,0.8026499302649931,0.4946727549467274,0.6684467413149583,0.8515974765974766,0.8878162980673442,0.7173515981735161,"[273, 239, 219, 164]",0.6199130610278317
26,128,256,3,2,2,0.2,0.0001,0.0001,65.25735294117648,83.94366197183099,85.90604026845638,72.65625,0.5891472868217054,0.7973977695167284,0.8047419804741982,0.4947916666666663,0.6528567327016939,0.8595931433292028,0.9011655708308428,0.7343749999999999,"[269, 239, 224, 171]",0.6193679999555588
23,128,64,3,2,2,0.0,0.0001,0.001,67.83088235294117,80.48780487804879,87.54208754208754,82.6923076923077,0.5633074935400516,0.7494004796163067,0.8113475177304963,0.6234848484848484,0.6871805914441573,0.8233713029576339,0.9099088145896655,0.8356060606060607,"[278, 235, 220, 190]",0.619108620424267
18,128,256,2,3,4,0.1,1e-05,0.001,68.93382352941177,81.86666666666666,87.62214983713355,75.46468401486989,0.5633074935400517,0.743682310469314,0.8368200836820082,0.5643939393939394,0.6843382141831753,0.8406438026474128,0.8948495716278143,0.7583333333333334,"[277, 239, 220, 173]",0.6179524231581228
19,128,256,2,3,4,0.0,0.0001,0.0001,70.22058823529412,87.17277486910994,85.58558558558559,80.7017543859649,0.5546942291128337,0.775821596244131,0.8365885416666666,0.6408647140864717,0.6973011771461383,0.8876662754303599,0.8979631696428572,0.8256624825662483,"[284, 256, 239, 205]",0.6178759714019948
24,128,128,2,4,4,0.2,0.0001,0.0001,65.44117647058823,82.02247191011236,79.1095890410959,70.56277056277057,0.583118001722653,0.752168525402726,0.7320117474302494,0.4805414551607443,0.6558713752512202,0.8234923585295333,0.8385147891755822,0.7280033840947547,"[269, 227, 197, 153]",0.6173586518678355
15,128,64,2,2,2,0.0,1e-05,0.001,68.19852941176471,81.13207547169812,82.72425249169434,74.29718875502009,0.5658914728682172,0.7463768115942025,0.8088023088023086,0.5241545893719803,0.6786965259833477,0.8157105475040258,0.8593795093795095,0.7537037037037037,"[276, 231, 207, 163]",0.6171818739593432
22,128,64,4,2,2,0.1,0.0001,0.0001,65.99264705882352,78.27298050139275,81.85053380782918,76.52173913043478,0.5805340223944876,0.7527675276752767,0.7785285285285282,0.511608623548922,0.6585414872236577,0.7961767117671177,0.8671600171600172,0.7744610281923716,"[271, 222, 201, 162]",0.6170822286842162
19,64,256,4,2,4,0.0,0.0001,0.001,68.75,81.81818181818183,85.62091503267973,84.35114503816794,0.5590008613264426,0.7383512544802865,0.8497854077253217,0.6367127496159751,0.6853718059144416,0.8207387495021903,0.8951359084406296,0.8656682027649768,"[279, 233, 217, 195]",0.6157696000901758
24,64,128,4,3,4,0.0,0.0001,0.001,69.66911764705883,86.01583113456465,86.1963190184049,83.62989323843416,0.5426356589147288,0.7785467128027682,0.7970168612191959,0.6901709401709403,0.7112546655182314,0.8684640522875817,0.8830276079303317,0.8401709401709402,"[289, 257, 234, 202]",0.6156075002081183
30,64,256,2,3,4,0.1,0.0001,0.0001,63.97058823529412,87.06896551724138,83.4983498349835,73.91304347826086,0.5831180017226525,0.7867924528301884,0.816951566951567,0.5046082949308753,0.651435544071203,0.8666142557651991,0.8908628408628408,0.7453917050691244,"[265, 234, 217, 167]",0.6153864998470274
25,128,128,2,3,2,0.2,0.0001,0.0001,65.07352941176471,82.20338983050848,79.38144329896907,74.02597402597402,0.5796726959517656,0.7657992565055763,0.7110625909752545,0.547138047138047,0.6557421762848119,0.8295642296571665,0.8368059887710543,0.7575757575757575,"[269, 229, 198, 157]",0.6153654836421688
16,128,128,4,3,4,0.0,0.0001,0.0001,67.64705882352942,85.05434782608695,83.70607028753993,80.1526717557252,0.5684754521963826,0.7667887667887665,0.8076388888888889,0.5665137614678897,0.670686190066035,0.862871387871388,0.8726884920634921,0.8111620795107033,"[273, 240, 218, 182]",0.615365457057808
16,128,256,4,3,2,0.1,1e-05,0.0001,66.91176470588235,83.79120879120879,85.90163934426229,72.13740458015268,0.5727820844099913,0.7831474597273854,0.8064971751412429,0.5123456790123456,0.662072925638817,0.8556278397356465,0.8832122679580308,0.7242283950617283,"[269, 236, 216, 163]",0.6141992497788606
21,128,128,4,2,2,0.1,1e-05,0.0001,65.44117647058823,87.35955056179775,82.63665594855306,71.98443579766537,0.5805340223944877,0.7937106918238993,0.7972222222222222,0.4807987711213515,0.651004880849842,0.8882914046121594,0.8692361111111111,0.7345622119815668,"[265, 240, 217, 167]",0.6137532173487887
21,128,128,4,3,4,0.1,0.0001,0.0001,66.54411764705883,84.5303867403315,82.35294117647058,75.0,0.5676141257536607,0.8034188034188031,0.7645833333333331,0.5230414746543778,0.6670686190066035,0.856115181115181,0.8698809523809524,0.7642089093701997,"[273, 240, 217, 171]",0.613335810518117
28,128,64,3,3,4,0.1,1e-05,0.0001,65.80882352941177,81.28491620111731,87.97250859106529,81.25,0.5736434108527129,0.7652933832709113,0.8022222222222225,0.57433489827856,0.6550100488084984,0.8199646275488972,0.9163809523809524,0.8278560250391237,"[267, 225, 213, 183]",0.6116325080709349
30,64,64,3,4,2,0.0,1e-05,0.0001,66.72794117647058,83.7465564738292,82.23684210526315,72.0,0.5658914728682168,0.7140221402214022,0.792929292929293,0.530952380952381,0.6643985070341659,0.8345120951209511,0.8780148423005565,0.7174603174603176,"[271, 231, 210, 155]",0.6112013522971883
23,128,128,4,2,4,0.2,0.0001,0.0001,62.86764705882353,83.33333333333334,78.59649122807018,68.30357142857143,0.582256675279931,0.7889733840304187,0.7214912280701755,0.4720812182741117,0.6425208153890324,0.8470109843683988,0.829876775271512,0.6962774957698816,"[263, 228, 197, 144]",0.6109061223230539
21,32,128,3,3,2,0.1,0.0001,0.001,67.27941176470588,76.50273224043715,83.92857142857143,72.76595744680851,0.5658914728682171,0.7327160493827161,0.7928134556574924,0.4941077441077441,0.6628481194372667,0.7790020576131687,0.8717999126256007,0.7235690235690235,"[270, 218, 198, 148]",0.6105444977035085
19,32,128,3,3,2,0.0,0.0001,0.001,69.30147058823529,80.90185676392572,84.59016393442623,77.90697674418605,0.5426356589147288,0.7797408716136629,0.792887029288703,0.584097859327217,0.6959230548377835,0.8248429524931291,0.8809723052400877,0.783256880733945,"[283, 239, 218, 177]",0.6097937243067345
27,128,64,2,2,2,0.2,0.0001,0.0001,63.60294117647059,80.63583815028902,83.15412186379928,62.93103448275862,0.5839793281653743,0.7506361323155214,0.720211161387632,0.4504273504273504,0.6377835199540625,0.8151293469041562,0.8525425554837319,0.6507692307692308,"[262, 221, 195, 135]",0.6096967051682862
15,64,256,2,4,2,0.0,1e-05,0.001,69.48529411764706,83.5978835978836,87.34177215189874,78.62318840579711,0.5434969853574504,0.7343934040047114,0.8469387755102044,0.6336270190895741,0.6939850703416595,0.8445131527287004,0.893692905733722,0.800734214390602,"[283, 245, 227, 190]",0.6095907280056431
40,32,256,3,3,2,0.0,1e-05,0.0001,64.52205882352942,84.04558404558404,81.69491525423729,73.02904564315352,0.5710594315245476,0.7933832709113608,0.7284482758620688,0.5186991869918697,0.6536319265001436,0.852257594673325,0.8556239737274219,0.7390243902439023,"[267, 232, 205, 158]",0.6095620319808633
42,64,256,2,3,2,0.2,1e-05,0.0001,64.15441176470588,82.8080229226361,82.69896193771626,67.78242677824268,0.5831180017226526,0.7754452926208649,0.7452276064610865,0.4595709570957094,0.6385156474303761,0.8435644614079729,0.8576882735473044,0.6922442244224423,"[262, 227, 202, 146]",0.6095607609636275
29,64,128,3,4,2,0.0,1e-05,0.0001,68.38235294117648,83.87096774193549,85.8974358974359,78.73134328358209,0.5486649440137813,0.7679856115107916,0.8142076502732245,0.6020558002936857,0.6850272753373529,0.8522681854516387,0.8997365339578455,0.7977973568281936,"[278, 244, 227, 187]",0.6093099166477065
30,64,64,4,4,4,0.0,0.0001,0.0001,66.54411764705883,82.04419889502762,84.17508417508418,74.0,0.5641688199827734,0.7593283582089552,0.7872807017543859,0.5183413078149919,0.6622451909273614,0.8268553067993367,0.885296574770259,0.7449760765550238,"[268, 228, 209, 161]",0.6092854200638005
18,64,128,3,4,4,0.1,0.0001,0.001,67.27941176470588,83.06010928961749,83.55263157894737,74.40944881889764,0.5581395348837211,0.7791970802919705,0.788515406162465,0.5468509984639015,0.6702985931668103,0.8462591240875912,0.878061224489796,0.7499231950844855,"[274, 238, 217, 167]",0.6090988817109506
16,64,64,4,4,4,0.1,1e-05,0.001,63.41911764705882,81.44927536231884,83.27402135231317,71.7948717948718,0.5701981050818259,0.7444029850746267,0.7521929824561401,0.5025252525252525,0.6533735285673269,0.829964759535655,0.8470969089390141,0.7276094276094276,"[268, 228, 198, 149]",0.6089587853367018
25,32,128,3,4,4,0.0,0.0001,0.001,69.11764705882352,81.64893617021278,86.97068403908796,83.52059925093633,0.5439276485788114,0.7455197132616487,0.8263598326359832,0.6943198804185351,0.6915302899799025,0.827110712863401,0.9081589958158997,0.8546337817638266,"[279, 239, 223, 197]",0.6089117772614744
23,128,128,3,2,4,0.2,0.0001,0.001,66.54411764705883,82.87292817679558,83.0,75.1004016064257,0.5650301464254951,0.7800751879699248,0.7636494252873562,0.5104166666666665,0.6598765432098765,0.8457915622389308,0.8613916256157634,0.7480769230769231,"[266, 232, 208, 161]",0.6087812940977824
21,128,128,3,2,2,0.2,0.0001,0.001,67.64705882352942,82.88043478260869,84.91803278688525,74.9034749034749,0.5572782084409992,0.7802197802197802,0.7730496453900707,0.5524256651017213,0.6705139247774908,0.8426841676841677,0.8740425531914894,0.7653364632237871,"[273, 235, 213, 172]",0.6086743653508137
22,64,256,3,2,4,0.1,1e-05,0.001,68.01470588235294,81.35135135135135,85.38205980066445,84.04669260700389,0.5538329026701118,0.7775735294117646,0.8047210300429187,0.6154434250764526,0.6749928222796439,0.8281760620915033,0.8924381769875332,0.8597859327217126,"[272, 233, 218, 193]",0.6084397916716976
24,128,64,4,2,2,0.1,1e-05,0.0001,63.23529411764706,80.23255813953489,82.97101449275362,72.0524017467249,0.5805340223944874,0.7442748091603054,0.7465437788018435,0.5,0.6381280505311512,0.8063507209499576,0.8590520078999342,0.7469775474956821,"[262, 217, 193, 152]",0.6079700881939347
17,128,64,3,4,2,0.0,0.0001,0.001,67.64705882352942,79.34782608695652,84.93150684931507,79.43548387096774,0.5503875968992249,0.7199999999999998,0.8189033189033189,0.612954186413902,0.6765432098765432,0.8175656565656565,0.8839208410636982,0.80173775671406,"[275, 231, 211, 175]",0.6069796103024915
14,64,256,2,3,2,0.0,1e-05,0.001,69.11764705882352,82.97872340425532,89.42307692307693,83.51254480286738,0.5460809646856158,0.7676224611708482,0.8462059620596204,0.6588319088319088,0.6828739592305484,0.8584727200318598,0.923935346496322,0.8522792022792023,"[279, 246, 234, 205]",0.6068643579326953
29,64,256,2,3,4,0.0,1e-05,0.0001,65.99264705882352,83.56545961002786,86.33333333333333,79.15057915057915,0.5572782084409992,0.7656826568265682,0.8262711864406779,0.5761689291101055,0.6645707723227102,0.8499282492824928,0.9048829701372074,0.8076923076923076,"[271, 236, 221, 185]",0.6062137223386896
13,64,128,2,2,4,0.2,1e-05,0.001,64.52205882352942,77.20797720797721,82.28782287822878,70.85201793721974,0.5615848406546079,0.7242874845105328,0.7727952167414052,0.505892255892256,0.6584553545793856,0.7967678645187939,0.8563741191543882,0.7176767676767677,"[269, 223, 198, 146]",0.606174365113794
25,64,256,4,3,4,0.0,1e-05,0.0001,65.80882352941177,84.07821229050279,85.04983388704319,75.0,0.5641688199827735,0.7490706319702598,0.8245997088791849,0.5378086419753086,0.6546655182314097,0.840964477488641,0.9031919317945518,0.759645061728395,"[269, 229, 216, 170]",0.6060575442027326
27,64,64,3,4,4,0.0,0.0001,0.0001,66.72794117647058,83.47107438016529,80.85808580858085,72.24489795918367,0.5572782084409992,0.7499999999999999,0.781115879828326,0.5288461538461535,0.6631926500143555,0.8419238683127571,0.8545984058859595,0.7339743589743589,"[270, 233, 208, 158]",0.6056397156733229
24,32,64,4,4,2,0.0,0.0001,0.001,68.93382352941177,82.39999999999999,83.81877022653723,76.83397683397683,0.5391903531438417,0.7544483985765125,0.8248945147679325,0.5955657492354738,0.6900660350272753,0.8202352708580467,0.8889089813140446,0.7779816513761467,"[281, 237, 218, 176]",0.6053691527647896
27,64,128,4,2,2,0.1,0.0001,0.0001,62.86764705882353,77.77777777777779,75.18796992481202,69.0,0.578811369509044,0.7279693486590036,0.6643081761006289,0.4717514124293786,0.6333046224519092,0.7867071094082588,0.7938454627133872,0.6967984934086628,"[261, 212, 177, 129]",0.6048330659259317
16,128,128,2,2,4,0.2,1e-05,0.001,64.70588235294117,76.70454545454545,80.0,70.83333333333334,0.564168819982773,0.697139303482587,0.755813953488372,0.5063063063063061,0.6510479471719781,0.7733727197346602,0.8269878183831673,0.7063063063063063,"[268, 215, 185, 134]",0.6045027719099071
53,32,128,2,2,2,0.0,1e-05,0.0001,64.88970588235294,80.16997167138811,82.3321554770318,64.8068669527897,0.5684754521963824,0.7417302798982188,0.7424924924924929,0.4715242881072026,0.644243468274476,0.8168256997455471,0.8605641355641356,0.6611390284757118,"[262, 222, 199, 137]",0.603992550573386
23,128,64,2,2,4,0.0,0.0001,0.0001,63.97058823529412,85.34482758620689,88.21548821548821,77.86259541984732,0.5624461670973302,0.755639097744361,0.8304597701149427,0.5866965620328847,0.651004880849842,0.860014619883041,0.9243021346469624,0.7874439461883407,"[266, 232, 223, 182]",0.6034939779648836
20,128,256,4,4,2,0.1,0.0001,0.0001,66.17647058823529,83.05555555555556,85.28428093645485,79.6078431372549,0.5555555555555554,0.7543209876543211,0.800847457627119,0.6093272171253823,0.6598334768877404,0.8507716049382718,0.892725988700565,0.8107798165137616,"[270, 236, 218, 183]",0.6032210988272596
15,128,128,2,4,2,0.0,0.0001,0.001,67.46323529411765,83.37874659400545,87.25490196078431,79.7752808988764,0.5434969853574506,0.7650966183574881,0.8149717514124293,0.6227272727272727,0.6776198679299456,0.8449577294685989,0.9006557707828894,0.8175000000000001,"[276, 236, 220, 187]",0.6031926501493655
25,128,256,3,4,2,0.2,0.0001,0.001,69.48529411764706,79.8941798941799,76.15894039735099,73.47826086956522,0.5374677002583977,0.7464028776978416,0.7314814814814813,0.5635738831615118,0.6865345966121159,0.8127797761790567,0.7906186406186407,0.7310996563573883,"[278, 234, 194, 147]",0.6029239842643465
22,128,128,4,4,2,0.1,0.0001,0.001,65.80882352941177,75.41899441340783,81.11111111111111,74.42922374429224,0.5521102497846685,0.7383578431372547,0.7562305295950158,0.4947916666666664,0.6621159919609532,0.7662888071895424,0.8612260792167334,0.7456597222222222,"[272, 214, 192, 149]",0.6021300036843872
41,64,64,2,4,2,0.1,0.0001,0.0001,63.78676470588235,83.86167146974063,80.41237113402062,69.65811965811966,0.573643410852713,0.7641025641025639,0.7333333333333331,0.4899497487437185,0.6319695664656905,0.8405876068376069,0.8465396825396825,0.7047738693467337,"[260, 225, 199, 148]",0.6013956128256668
20,64,64,2,3,4,0.1,0.0001,0.001,64.88970588235294,81.30311614730878,83.97212543554006,77.59336099585063,0.5572782084409991,0.7493781094527362,0.8013392857142856,0.5420711974110031,0.6529859316681023,0.8144174958540631,0.88015518707483,0.7901294498381878,"[268, 224, 206, 167]",0.6013477852931721
33,64,128,2,2,2,0.0,0.0001,0.0001,63.97058823529412,83.62068965517241,83.8487972508591,74.18032786885246,0.5676141257536604,0.7748091603053434,0.7755847953216375,0.492063492063492,0.6388601780074648,0.8440945716709074,0.889139515455305,0.7388888888888889,"[262, 228, 210, 159]",0.6011335016221494
14,64,64,3,3,2,0.0,1e-05,0.001,69.48529411764706,80.95238095238095,83.00653594771242,77.95275590551181,0.5327304048234284,0.7714285714285716,0.7990196078431371,0.6137071651090342,0.6892908412288258,0.8246329365079366,0.8632152861144459,0.7960280373831775,"[280, 238, 214, 176]",0.6009816769964931
29,32,64,4,4,4,0.1,0.0001,0.001,65.25735294117648,83.66197183098592,83.16498316498317,72.06477732793523,0.5572782084409995,0.7462686567164177,0.8074074074074076,0.4975490196078431,0.6520815389032443,0.829177031509121,0.8685079365079367,0.7202614379084966,"[268, 225, 204, 154]",0.6009639936428458
31,64,256,2,2,2,0.1,1e-05,0.0001,62.86764705882353,83.04093567251462,82.3943661971831,69.65811965811966,0.5701981050818256,0.7583333333333332,0.7222222222222221,0.4991539763113366,0.6343382141831754,0.8458867521367521,0.8499153439153438,0.7111675126903553,"[260, 225, 197, 147]",0.6005604678303789
16,128,256,3,4,4,0.0,1e-05,0.001,65.99264705882352,84.12256267409471,82.45033112582782,80.32128514056225,0.5426356589147288,0.7896969696969697,0.7740585774058577,0.5833333333333331,0.6715905828308929,0.852070707070707,0.8586969515839808,0.8011792452830189,"[275, 239, 212, 174]",0.6002653968529787
24,64,128,2,4,4,0.2,1e-05,0.001,63.78676470588235,82.13256484149855,86.31578947368422,77.23577235772358,0.5641688199827734,0.768199233716475,0.7881481481481482,0.5394524959742348,0.6411426930806775,0.832088122605364,0.8943068783068784,0.7863123993558775,"[261, 225, 207, 169]",0.6001978951923638
45,32,128,3,3,4,0.1,1e-05,0.0001,61.58088235294118,78.50746268656717,74.52471482889734,62.24489795918368,0.5779500430663221,0.6738281250000002,0.6791044776119407,0.4424242424242426,0.6241314958369222,0.7701280381944444,0.7863420990286661,0.6505050505050505,"[256, 201, 165, 116]",0.600153672149575
32,64,256,4,4,4,0.1,1e-05,0.0001,64.70588235294117,81.5340909090909,81.8815331010453,77.02127659574468,0.5650301464254952,0.7608142493638678,0.7832585949177876,0.5217755443886095,0.6392908412288256,0.8252650551314674,0.86111467008328,0.7752093802345059,"[262, 223, 199, 160]",0.5998709668450664
26,64,64,3,2,2,0.0,1e-05,0.0001,63.97058823529412,77.87356321839081,80.07380073800738,65.89861751152074,0.5745047372954349,0.7162162162162161,0.7452380952380953,0.4673721340388006,0.6271892047085845,0.7891784641784643,0.8639342403628117,0.6701940035273367,"[259, 210, 189, 134]",0.5996920791407849
54,32,256,3,4,4,0.1,1e-05,0.0001,63.60294117647059,82.08092485549133,79.5774647887324,70.35398230088495,0.5607235142118863,0.7380952380952378,0.7650150150150153,0.477891156462585,0.6439420040195233,0.814484126984127,0.848069498069498,0.6947278911564625,"[266, 222, 196, 141]",0.5994583857145174
34,64,256,4,3,2,0.1,1e-05,0.0001,64.15441176470588,85.67335243553008,84.2809364548495,76.5873015873016,0.557278208440999,0.785353535353535,0.795093795093795,0.5285493827160492,0.6472150445018662,0.8565130471380472,0.8919810348381778,0.7732253086419753,"[264, 231, 216, 173]",0.5988889345703461
19,32,64,2,4,2,0.0,1e-05,0.001,66.54411764705883,80.66298342541437,86.98630136986301,77.95275590551181,0.5305770887166238,0.7476190476190475,0.823529411764706,0.6030303030303028,0.6855871375251219,0.8223710317460318,0.8961584633853542,0.78,"[280, 238, 220, 176]",0.5982034656844711
29,64,256,3,2,4,0.2,0.0001,0.0001,63.05147058823529,82.5072886297376,81.2720848056537,64.78260869565217,0.5667527993109389,0.7535121328224773,0.7496229260935143,0.4319727891156463,0.633218489807637,0.8275329927628778,0.8493535875888817,0.66921768707483,"[261, 221, 196, 141]",0.5981448971792204
18,32,128,3,2,4,0.0,1e-05,0.001,62.86764705882353,83.33333333333334,84.56140350877193,80.08298755186722,0.5546942291128335,0.7172284644194757,0.8111111111111112,0.583333333333333,0.6485501004880849,0.8270391177694548,0.8838095238095238,0.8105987055016182,"[267, 225, 206, 172]",0.5979616760805458
41,32,256,3,2,2,0.0,1e-05,0.0001,62.13235294117647,81.95266272189349,79.42238267148014,66.36363636363637,0.5701981050818259,0.7416020671834627,0.7140672782874619,0.4716312056737587,0.6284381280505311,0.8151916451335055,0.8387068588903451,0.6728723404255318,"[258, 218, 188, 131]",0.5979032167902343
35,64,128,4,4,4,0.1,1e-05,0.0001,61.94852941176471,85.45994065281899,83.33333333333334,69.16666666666667,0.5693367786391041,0.7771317829457365,0.7669616519174042,0.4534313725490195,0.6280074648291701,0.862026270456503,0.8717551622418879,0.7013888888888888,"[258, 226, 204, 150]",0.597234669874828
27,64,64,4,3,4,0.0,0.0001,0.0001,65.07352941176471,85.02824858757062,81.72757475083057,71.54471544715447,0.5572782084409992,0.7436386768447836,0.801027900146843,0.535598705501618,0.6420040195233994,0.8498197625106021,0.8728235787707155,0.7297734627831716,"[262, 227, 206, 159]",0.5966482975724393
23,128,128,4,2,2,0.0,1e-05,0.001,65.44117647058823,83.70786516853933,82.88590604026845,75.30364372469636,0.5426356589147286,0.7761377613776139,0.7598870056497175,0.5995260663507108,0.6615991960953201,0.8472222222222221,0.8697538337368845,0.7575039494470773,"[271, 236, 211, 165]",0.5962413630813619
18,128,128,3,4,2,0.0,1e-05,0.001,67.09558823529412,84.38356164383562,87.33766233766234,75.46468401486989,0.5426356589147286,0.7858024691358024,0.8256302521008402,0.5844544095665173,0.6606086706861901,0.8629526748971194,0.9013805522208884,0.7705530642750373,"[270, 238, 223, 181]",0.5958387876574956
38,64,64,3,4,4,0.1,0.0001,0.0001,62.86764705882353,85.38011695906432,80.13698630136986,70.08547008547008,0.5598621877691645,0.7643678160919541,0.7253623188405799,0.5198019801980197,0.6361900660350271,0.8644636015325671,0.8412836438923396,0.7235973597359737,"[261, 230, 202, 153]",0.5955906375737499
17,64,128,4,4,2,0.0,1e-05,0.001,66.17647058823529,82.5,84.17508417508418,78.4,0.5391903531438417,0.7218137254901962,0.8428781204111601,0.5950080515297903,0.6650445018662074,0.8198018790849673,0.8847493182294945,0.8011272141706923,"[272, 227, 207, 174]",0.5955409417453182
16,64,256,4,2,2,0.0,1e-05,0.001,65.99264705882352,81.33704735376045,86.3013698630137,76.98412698412699,0.5434969853574505,0.7738537794299876,0.8210144927536231,0.5690476190476189,0.6572494975595752,0.8277881040892193,0.884544513457557,0.771111111111111,"[269, 230, 210, 169]",0.5949850790876935
21,32,64,4,2,2,0.0,1e-05,0.001,66.36029411764706,79.50138504155125,84.3205574912892,75.20661157024794,0.549526270456503,0.7528301886792453,0.8035714285714282,0.5410509031198686,0.6482917025552684,0.823888888888889,0.8704294217687075,0.7750410509031199,"[265, 224, 203, 164]",0.5948371614049779
19,128,64,2,4,4,0.0,1e-05,0.001,66.17647058823529,83.61111111111111,90.03322259136213,80.44280442804428,0.5322997416020674,0.7814407814407817,0.8511659807956103,0.6347826086956522,0.6730117714613838,0.8627899877899877,0.923270625122477,0.8234782608695652,"[273, 243, 230, 196]",0.5944421639738957
13,64,128,3,3,4,0.0,1e-05,0.001,67.83088235294117,83.73983739837398,84.46601941747572,78.9272030651341,0.5262704565030145,0.7783816425120772,0.7949790794979077,0.6287878787878787,0.682701693942004,0.8431863929146537,0.8804243873281531,0.8037878787878787,"[276, 239, 220, 183]",0.5943656055170301
26,32,64,3,4,2,0.1,1e-05,0.001,64.52205882352942,82.90598290598291,81.78694158075601,71.00840336134453,0.549526270456503,0.7445721583652617,0.7903469079939667,0.4941956882255388,0.646698248636233,0.8275329927628777,0.8653630683042447,0.7330016583747927,"[261, 221, 201, 153]",0.594165511593683
32,64,64,4,2,4,0.1,0.0001,0.0001,62.5,77.3529411764706,73.76425855513308,70.10309278350515,0.5676141257536605,0.749027237354085,0.6503875968992249,0.4467054263565892,0.6216336491530291,0.8046584522265455,0.7721816168327796,0.7204457364341085,"[257, 215, 172, 130]",0.5933970157408777
24,32,256,3,4,4,0.1,1e-05,0.001,64.15441176470588,81.9484240687679,84.61538461538461,80.16528925619835,0.5443583118001721,0.731203007518797,0.8048048048048048,0.6045751633986927,0.6507895492391617,0.8169903926482873,0.8904440154440155,0.8174836601307187,"[266, 222, 204, 174]",0.5928349318266751
44,32,64,4,3,2,0.0,1e-05,0.0001,61.58088235294118,77.61194029850746,83.07692307692308,64.81481481481481,0.5572782084409988,0.7120622568093384,0.7580128205128205,0.4560931899641577,0.6325294286534596,0.7807933419801124,0.8633470695970696,0.6621863799283154,"[257, 208, 186, 129]",0.5925241287692694
30,64,128,4,3,4,0.1,1e-05,0.0001,63.23529411764706,79.65116279069767,81.02189781021897,68.91891891891892,0.56244616709733,0.7555123216601817,0.7450532724505325,0.471938775510204,0.6256818834338214,0.8213035019455254,0.8562078712763644,0.7140306122448979,"[257, 219, 196, 147]",0.5923812286096085
43,64,64,2,2,4,0.2,0.0001,0.0001,62.68382352941176,76.24633431085044,78.46153846153847,57.84313725490197,0.5598621877691647,0.74002574002574,0.6940418679549119,0.4030131826741996,0.6276198679299454,0.770967395967396,0.8142627099148838,0.6112994350282486,"[259, 207, 177, 115]",0.5918079025451614
23,128,64,3,2,2,0.2,0.0001,0.0001,62.13235294117647,80.1775147928994,78.96678966789668,62.61682242990653,0.5633074935400517,0.7562091503267971,0.6900311526479753,0.4166666666666668,0.6232271030720642,0.8149455337690632,0.8290943480195818,0.6324175824175824,"[255, 214, 182, 123]",0.5917543379521331
19,64,256,3,2,2,0.1,0.0001,0.001,66.72794117647058,83.19559228650138,86.75496688741721,79.38931297709924,0.5331610680447888,0.7942998760842626,0.8254985754985755,0.5821812596006144,0.6638386448463968,0.8446819496076001,0.8988298738298738,0.8091397849462366,"[269, 234, 217, 182]",0.5913667598813949
18,128,64,3,3,4,0.2,1e-05,0.0001,60.11029411764706,75.53516819571865,77.7327935222672,66.14583333333334,0.5762273901808787,0.7366013071895424,0.7085385878489324,0.4244186046511629,0.6071202985931667,0.7726034858387799,0.8129017124091016,0.6782945736434108,"[255, 203, 172, 121]",0.5912705935930154
24,64,256,4,2,4,0.2,0.0001,0.001,64.88970588235294,75.92067988668555,86.56716417910447,78.01724137931035,0.5374677002583976,0.7412935323383084,0.8127853881278538,0.5668316831683167,0.6550961814527706,0.7882980928689883,0.8923679060665363,0.7859735973597359,"[268, 219, 202, 164]",0.5904808010590973
15,64,128,4,2,2,0.0,1e-05,0.001,66.36029411764706,81.7174515235457,80.67796610169492,76.05042016806722,0.5366063738156762,0.7428214731585516,0.8120411160058735,0.5389718076285239,0.654837783519954,0.8260819808572618,0.8440213971050975,0.7492537313432835,"[267, 227, 201, 154]",0.5898558086648967
19,32,64,3,3,2,0.0,1e-05,0.001,63.41911764705882,80.8695652173913,83.87096774193549,81.62393162393163,0.5478036175710596,0.7305236270753508,0.795281582952816,0.6177446102819236,0.6383433821418317,0.8158258833546189,0.8827353772559253,0.8139303482587065,"[261, 219, 201, 168]",0.5896180053138151
9,128,256,2,2,4,0.1,1e-05,0.001,66.36029411764706,81.7174515235457,85.42372881355932,75.39682539682539,0.5366063738156758,0.7694235588972431,0.798245614035088,0.5794025157232705,0.6527275337352857,0.8304406850459483,0.8956975772765247,0.770440251572327,"[266, 228, 212, 170]",0.5889981825012969
54,32,256,3,2,4,0.1,1e-05,0.0001,61.21323529411765,79.57957957957959,78.8679245283019,67.46411483253588,0.563307493540052,0.7454068241469816,0.7322274881516591,0.4337016574585635,0.6168963537180591,0.8041885389326334,0.8282893252087565,0.6841620626151013,"[254, 211, 181, 131]",0.5888852838333755
17,128,64,2,3,4,0.0,0.0001,0.001,64.15441176470588,85.38681948424069,87.24832214765101,81.53846153846153,0.534883720930232,0.805243445692884,0.8200280112044818,0.6086309523809522,0.6537180591444158,0.8683416562630045,0.910904361744698,0.834077380952381,"[267, 238, 224, 194]",0.5883604648354046
18,32,128,2,4,2,0.0,0.0001,0.001,67.64705882352942,83.15217391304348,86.60130718954248,80.0,0.5219638242894056,0.801212121212121,0.7819444444444443,0.6347031963470319,0.6739592305483779,0.8505353535353536,0.8849900793650793,0.8188736681887367,"[275, 240, 219, 185]",0.5883026269443274
16,64,64,4,3,2,0.0,0.0001,0.001,66.36029411764706,80.33240997229917,85.17241379310346,76.51821862348179,0.5331610680447889,0.7350746268656715,0.7927927927927928,0.5941666666666666,0.6558713752512203,0.8128005804311775,0.8735199485199485,0.7849166666666666,"[268, 222, 200, 166]",0.588184258386785
20,32,64,4,2,4,0.0,0.0001,0.001,64.33823529411765,81.14285714285714,81.69014084507043,72.84482758620689,0.5417743324720069,0.7401774397972113,0.7790346907993965,0.5360134003350083,0.6396353718059145,0.817733417828475,0.8590174531351003,0.7324958123953099,"[263, 221, 199, 150]",0.5866517353477093
22,128,256,3,4,4,0.2,1e-05,0.001,65.80882352941177,73.18435754189943,75.95419847328245,73.36683417085426,0.5357450473729543,0.6887626262626265,0.6992063492063493,0.5302144249512669,0.6477749066896353,0.7626788720538721,0.7804875283446712,0.7393762183235867,"[264, 210, 171, 130]",0.5864577050520884
21,128,64,2,3,4,0.2,1e-05,0.0001,64.88970588235294,76.48725212464589,77.03703703703704,64.90384615384616,0.5366063738156764,0.7648922686945501,0.6967592592592593,0.4499999999999998,0.6456215905828309,0.7970743557245459,0.7993165784832451,0.6661111111111111,"[263, 216, 180, 128]",0.5860877445172359
18,32,256,4,3,2,0.0,1e-05,0.001,65.99264705882352,82.72980501392759,84.84848484848484,81.34920634920636,0.52885443583118,0.7702871410736578,0.8209064327485379,0.6103174603174601,0.6563020384725811,0.831034124011652,0.8923036758563074,0.8234126984126984,"[267, 228, 210, 181]",0.5857256013306981
19,128,64,4,3,2,0.2,0.0001,0.0001,61.21323529411765,81.08108108108108,81.11111111111111,62.10045662100456,0.5590008613264426,0.7790849673202614,0.7113636363636363,0.4219298245614035,0.6140109101349411,0.8363289760348585,0.8319047619047619,0.6396491228070176,"[255, 220, 190, 128]",0.5852159986453545
17,64,64,3,3,4,0.0,1e-05,0.001,67.64705882352942,79.8913043478261,87.41496598639455,82.87937743190662,0.5189491817398797,0.7591911764705882,0.8355072463768115,0.6496124031007751,0.6700401952339936,0.8124897875816994,0.9087784679089028,0.8345736434108527,"[272, 230, 215, 186]",0.5848947312456113
43,64,64,2,4,4,0.2,1e-05,0.0001,64.15441176470588,76.50429799426934,77.52808988764045,60.86956521739131,0.5434969853574506,0.7239382239382242,0.6912698412698414,0.4555555555555553,0.6324863623313235,0.7770806520806521,0.8175510204081633,0.6324074074074074,"[259, 210, 180, 120]",0.5846246579636937
21,128,128,2,2,4,0.1,0.0001,0.001,63.97058823529412,81.03448275862068,84.39716312056737,80.67226890756302,0.5340223944875108,0.7622641509433963,0.8229166666666663,0.5671406003159555,0.6457938558713753,0.8181865828092243,0.907748724489796,0.8140600315955765,"[265, 224, 211, 177]",0.5846137161661393
19,64,256,4,3,2,0.0,1e-05,0.001,68.19852941176471,82.74932614555256,84.69055374592834,84.23076923076923,0.5030146425495262,0.7604540023894862,0.8046218487394957,0.7015503875968992,0.6920901521676714,0.8304360812425329,0.8686474589835934,0.8516279069767441,"[279, 238, 215, 188]",0.5825957389570146
19,64,64,3,2,2,0.0,1e-05,0.001,64.70588235294117,83.23863636363636,86.68941979522185,78.74015748031496,0.5271317829457365,0.7731829573934836,0.8020378457059681,0.6189358372456965,0.6501866207292564,0.8399644945697576,0.9044187980869204,0.8071205007824724,"[266, 229, 213, 178]",0.5822282766711773
24,32,64,3,3,2,0.1,1e-05,0.001,62.86764705882353,80.4093567251462,75.27272727272727,71.01449275362319,0.5443583118001722,0.7259114583333331,0.7388888888888889,0.5028571428571429,0.6244329600918748,0.7953884548611111,0.7911224489795919,0.728,"[256, 210, 175, 135]",0.5816526528945415
14,128,64,4,2,4,0.2,1e-05,0.0001,59.55882352941176,78.70370370370371,76.07843137254902,54.123711340206185,0.5615848406546081,0.7204515272244357,0.691297208538588,0.3777120315581854,0.6032012632787824,0.7879039397963702,0.8001759324419424,0.5581854043392505,"[251, 203, 169, 101]",0.5816495993163823
22,128,64,3,4,4,0.0,1e-05,0.001,64.33823529411765,84.0,85.71428571428571,80.95238095238095,0.5202411714039623,0.7703703703703703,0.81980056980057,0.6098130841121493,0.6591013494114268,0.8454218106995884,0.8832112332112333,0.8227414330218068,"[270, 234, 214, 181]",0.5814963033040818
21,64,64,3,4,4,0.1,1e-05,0.001,64.15441176470588,80.80229226361033,75.88652482269504,77.57009345794393,0.5297157622739019,0.734848484848485,0.7424924924924924,0.5973684210526315,0.6428222796439851,0.8190761784511783,0.8152938652938653,0.7885964912280702,"[264, 222, 190, 154]",0.5808137249198215
41,64,128,2,2,4,0.2,1e-05,0.0001,60.66176470588235,80.60606060606061,77.44360902255639,66.01941747572816,0.5521102497846683,0.7580000000000001,0.6974723538704583,0.4640151515151514,0.6122882572494974,0.8203888888888888,0.7988264500112842,0.6865530303030304,"[250, 211, 176, 127]",0.5806442048973192
35,64,256,3,4,4,0.2,0.0001,0.0001,61.02941176470589,80.12048192771084,74.43609022556392,65.65656565656566,0.5546942291128337,0.7275132275132278,0.6864139020537128,0.4706439393939394,0.6086276198679299,0.8091380070546736,0.804829609568946,0.6737689393939393,"[252, 211, 176, 126]",0.5804107070028952
28,64,64,3,4,2,0.0,0.0001,0.0001,63.41911764705882,84.34782608695653,79.72508591065292,71.98275862068965,0.5366063738156762,0.7671854734111545,0.7574404761904763,0.5274914089347079,0.6301177146138386,0.8456009511456982,0.8320365646258503,0.7288659793814434,"[257, 224, 194, 148]",0.5796146411463762
15,64,256,4,4,4,0.0,1e-05,0.001,66.17647058823529,84.72222222222221,84.91803278688525,77.22007722007721,0.5202411714039621,0.7632575757575759,0.8166666666666665,0.6331775700934582,0.6534596612115992,0.8566813973063974,0.8903105590062111,0.7874610591900312,"[264, 230, 214, 176]",0.5792900714850381
12,64,64,2,3,2,0.0,0.0001,0.001,65.07352941176471,79.09604519774011,80.71428571428572,73.00884955752213,0.5185185185185186,0.72636815920398,0.7825112107623318,0.5438144329896906,0.6532443296009187,0.8024771973466004,0.8387251761691225,0.7359106529209621,"[268, 223, 194, 148]",0.5781362373092848
30,32,128,3,2,2,0.1,0.0001,0.001,63.23529411764706,82.26744186046511,84.09893992932862,72.26890756302521,0.5305770887166237,0.7437908496732027,0.7899224806201548,0.5277777777777777,0.6271892047085845,0.8192047930283224,0.8668826135105205,0.7348958333333332,"[255, 215, 192, 150]",0.5748521514204411
26,32,64,4,3,4,0.0,1e-05,0.001,65.625,78.15126050420169,87.09677419354838,78.60082304526749,0.5116279069767439,0.745318352059925,0.8202764976958524,0.6073170731707316,0.654794717197818,0.7902517686225552,0.907965766951942,0.7947967479674796,"[267, 217, 205, 168]",0.5744251589708743
14,32,256,2,2,4,0.0,1e-05,0.001,67.64705882352942,80.43478260869566,80.4054054054054,75.63025210084034,0.5047372954349699,0.7450617283950617,0.7743362831858406,0.605,0.6657766293425208,0.81011316872428,0.8495996628739991,0.7583333333333334,"[270, 226, 200, 158]",0.5741790646737235
25,32,256,4,3,2,0.1,0.0001,0.001,64.52205882352942,83.47578347578347,85.32423208191126,77.60000000000001,0.51937984496124,0.7620915032679739,0.8073394495412844,0.5845528455284553,0.6330462245190928,0.8324945533769064,0.90174748798602,0.7825203252032521,"[255, 218, 205, 166]",0.5706074491915785
26,32,256,4,3,4,0.2,0.0001,0.001,62.5,80.88235294117648,83.27272727272728,66.8122270742358,0.533161068044789,0.7353333333333335,0.787660256410256,0.4464912280701754,0.6128050531151306,0.8115888888888889,0.8787488553113553,0.6671052631578948,"[250, 208, 190, 134]",0.5702154550457471
24,64,256,4,2,4,0.1,1e-05,0.001,65.625,85.15406162464986,83.55263157894737,81.88976377952756,0.5099052540913003,0.8124207858048161,0.7900709219858156,0.6312893081761004,0.6442434682744761,0.8663709336713139,0.8745390070921986,0.8267295597484278,"[263, 235, 212, 181]",0.569256150479101
41,32,256,4,4,2,0.1,1e-05,0.0001,58.63970588235294,80.87774294670847,78.29457364341084,65.34653465346535,0.5426356589147284,0.7388663967611337,0.7308943089430896,0.4482109227871937,0.5930376112546655,0.8164080071974809,0.8245296167247386,0.6770244821092279,"[247, 205, 177, 127]",0.566718198617799
20,64,256,3,4,4,0.2,0.0001,0.001,63.60294117647059,81.21387283236994,83.98576512455516,78.38983050847457,0.5150732127476316,0.7230869001297013,0.8099688473520247,0.5946180555555556,0.6279643985070341,0.8164180717682663,0.8679016466399645,0.8043402777777776,"[257, 214, 192, 162]",0.5659440022714858
21,32,64,3,3,4,0.0,1e-05,0.001,63.97058823529412,81.89655172413794,86.31578947368422,82.11382113821138,0.5133505598621875,0.787467700258398,0.809734513274336,0.6267942583732056,0.6300315819695664,0.8445628768303186,0.8972713864306785,0.8326156299840511,"[258, 226, 209, 179]",0.5657374791892249
44,32,64,4,2,2,0.0,1e-05,0.0001,60.29411764705882,72.2560975609756,81.43459915611815,64.24870466321244,0.525409130060293,0.6740294511378847,0.7412280701754387,0.467871485943775,0.6025409130060292,0.7377063810798751,0.836578947368421,0.6596385542168675,"[249, 190, 166, 118]",0.561337798379104
50,32,64,4,3,4,0.0,0.0001,0.0001,60.84558823529412,77.34138972809667,82.8125,69.33962264150944,0.5288544358311803,0.6850340136054422,0.7582508250825085,0.5486891385767789,0.5969997128911858,0.7894444444444445,0.851956624233852,0.7099250936329587,"[245, 202, 178, 134]",0.5608647384934089
26,64,128,3,2,4,0.2,0.0001,0.001,62.86764705882353,80.99415204678363,85.5595667870036,75.9493670886076,0.5073212747631353,0.7362204724409447,0.8113207547169813,0.5581196581196581,0.6238300315819695,0.8137029746281715,0.8919979784366578,0.7688888888888887,"[254, 212, 195, 156]",0.5595754433247069
47,32,64,4,3,4,0.0,1e-05,0.0001,59.19117647058824,80.12422360248446,82.17054263565892,70.28301886792453,0.5279931093884581,0.7424242424242424,0.7613065326633167,0.4945652173913044,0.5886017800746483,0.7988406795224977,0.8797798516391483,0.7128623188405797,"[242, 199, 184, 138]",0.5566525281207879
40,32,128,2,4,2,0.2,0.0001,0.0001,57.35294117647059,74.03846153846155,70.995670995671,54.268292682926834,0.5357450473729545,0.6479944674965425,0.6226591760299625,0.3943661971830987,0.5769738730979039,0.7240087597971414,0.7537185660781165,0.562793427230047,"[241, 178, 142, 86]",0.5555956482612701
22,32,128,2,2,4,0.2,1e-05,0.001,60.47794117647059,77.81155015197568,81.25,68.26923076923077,0.516795865633075,0.7399193548387097,0.7839805825242718,0.478142076502732,0.6006172839506172,0.8054995519713262,0.8568885806749885,0.6903460837887068,"[248, 206, 183, 132]",0.5555626927946716
46,32,256,3,2,4,0.0,1e-05,0.0001,59.55882352941176,83.64197530864197,78.96678966789668,77.10280373831776,0.5271317829457365,0.7747933884297523,0.7315705128205127,0.525089605734767,0.5863192650014356,0.838234618916437,0.8535828754578755,0.7741935483870968,"[242, 208, 186, 147]",0.5551524157356656
61,32,128,2,3,2,0.1,1e-05,0.0001,60.11029411764706,79.51070336391437,76.15384615384615,61.11111111111112,0.5185185185185186,0.7387755102040812,0.703150912106136,0.45,0.5953631926500144,0.7977664399092971,0.8032219853115377,0.615686274509804,"[245, 201, 170, 112]",0.5542901684048437
23,128,64,2,4,4,0.1,1e-05,0.001,62.86764705882353,82.45614035087719,80.85106382978722,75.87719298245614,0.4995693367786391,0.763888888888889,0.7993827160493827,0.5367521367521366,0.6213752512202125,0.8382385361552027,0.8581238977072311,0.7543589743589744,"[252, 216, 195, 151]",0.5538543572379688
23,64,128,4,4,4,0.2,0.0001,0.0001,56.61764705882353,75.32467532467533,71.98275862068965,53.293413173652695,0.5340223944875108,0.6897759103641455,0.6594594594594596,0.3533333333333334,0.5727964398507033,0.7499416433239963,0.7684427284427284,0.5477777777777777,"[238, 185, 150, 87]",0.552730251551761
17,64,64,3,4,2,0.2,0.0001,0.001,60.29411764705882,76.52439024390245,78.88446215139442,75.25252525252525,0.5012919896640827,0.7226666666666667,0.7842639593908631,0.5094696969696969,0.6092736146999712,0.7620555555555556,0.8440053178631859,0.7528409090909091,"[250, 197, 176, 137]",0.5500332107578139
24,128,256,3,2,2,0.2,1e-05,0.001,63.41911764705882,77.68115942028986,77.98507462686567,67.46411483253588,0.4866494401378122,0.7285156249999999,0.7452380952380951,0.5151515151515151,0.6249497559575079,0.7841254340277777,0.7973015873015874,0.6937499999999999,"[256, 210, 176, 128]",0.5471962374915288
21,128,64,4,2,4,0.1,1e-05,0.0001,60.11029411764706,84.70948012232415,81.58844765342961,76.54867256637168,0.5055986218776917,0.7957650273224042,0.7586477987421382,0.5616319444444445,0.5955785242606948,0.8492600182149362,0.8748203054806829,0.7789930555555556,"[244, 212, 192, 155]",0.5469123331194053
20,32,64,4,3,2,0.2,0.0001,0.001,59.00735294117647,71.33956386292834,73.7991266375546,59.171597633136095,0.5150732127476312,0.6460055096418729,0.7170329670329672,0.4087837837837839,0.5828308929084122,0.7149334251606979,0.7768445839874412,0.6109234234234234,"[242, 182, 148, 96]",0.5468612039109265
23,32,128,2,2,4,0.2,0.0001,0.001,58.63970588235294,77.74294670846395,84.67741935483872,70.47619047619048,0.5099052540913006,0.7565157750342936,0.7291666666666667,0.4942857142857144,0.5884295147861038,0.7962848651120257,0.8539285714285715,0.7194285714285714,"[243, 200, 175, 134]",0.5463603807398356
22,32,256,4,3,2,0.2,1e-05,0.001,60.84558823529412,79.7583081570997,79.92424242424242,66.35071090047393,0.5004306632213609,0.7442176870748299,0.7459546925566343,0.4856321839080458,0.5948463967843812,0.8207596371882084,0.8162390198797966,0.6792145593869732,"[245, 206, 174, 125]",0.5435690890049028
17,64,64,3,3,4,0.1,1e-05,0.001,59.74264705882353,77.84615384615384,83.399209486166,71.09004739336493,0.4952627045650301,0.7244623655913979,0.7704248366013069,0.5404896421845574,0.5994975595750789,0.7970990143369177,0.8478349673202615,0.7278719397363466,"[248, 204, 177, 134]",0.5424179018198089
40,32,128,4,2,4,0.1,1e-05,0.0001,56.98529411764706,83.54838709677419,71.04247104247105,63.04347826086957,0.5193798449612406,0.7720797720797723,0.6650082918739636,0.4094650205761318,0.5659919609532011,0.8382597340930674,0.7615849324804549,0.6496913580246914,"[234, 201, 162, 112]",0.5416850066075053
42,32,64,3,2,4,0.1,0.0001,0.0001,56.06617647058824,74.42622950819671,79.29515418502203,57.77777777777777,0.5254091300602929,0.7083333333333334,0.712707182320442,0.3668763102725367,0.5550100488084984,0.7558069923371646,0.8426466719284399,0.5917190775681342,"[232, 181, 159, 99]",0.5398040920090096
19,64,64,4,3,2,0.2,1e-05,0.0001,57.53676470588235,72.20447284345049,70.35398230088495,46.540880503144656,0.5142118863049097,0.6574468085106381,0.6468926553672315,0.3546099290780143,0.5662934252081538,0.7282151300236407,0.7552865213882163,0.4929078014184397,"[235, 177, 141, 72]",0.5389974621607078
14,64,64,3,4,2,0.1,1e-05,0.001,59.55882352941176,84.5679012345679,80.65693430656934,74.2081447963801,0.4944013781223086,0.7795918367346938,0.757142857142857,0.5376344086021503,0.5910565604364053,0.8425736961451247,0.8586678004535148,0.7356630824372759,"[245, 210, 186, 142]",0.538425613093775
16,64,64,4,2,4,0.2,0.0001,0.001,60.11029411764706,80.1223241590214,83.58778625954199,59.3607305936073,0.490956072351421,0.7674897119341563,0.7758620689655171,0.4548802946593001,0.5936405397645708,0.8121284865112026,0.8538001407459536,0.6125230202578269,"[243, 203, 181, 120]",0.5374374666776519
21,32,256,3,3,2,0.2,1e-05,0.001,59.19117647058824,81.36645962732919,83.96946564885496,68.63636363636364,0.4995693367786393,0.7482710926694326,0.7954545454545453,0.4559925093632958,0.5787826586276198,0.8056131857999078,0.8702741702741703,0.6892322097378277,"[241, 198, 178, 131]",0.5362665811188044
15,128,128,2,2,4,0.1,1e-05,0.001,60.11029411764706,83.18042813455658,81.25,78.73303167420815,0.4849267872523685,0.7840755735492578,0.7885220125786164,0.6044905008635578,0.5976887740453631,0.8373256860098964,0.872461814914645,0.805699481865285,"[247, 212, 193, 162]",0.5354353056355464
46,32,128,2,4,2,0.2,1e-05,0.0001,54.59558823529412,77.77777777777779,70.56277056277057,47.85276073619632,0.5133505598621879,0.6991341991341992,0.6141304347826086,0.342528735632184,0.5530289979902382,0.7753126503126502,0.7550854037267081,0.4896551724137931,"[231, 184, 145, 76]",0.5324515903325325
34,32,128,3,4,2,0.2,0.0001,0.0001,55.51470588235294,72.51655629139073,70.31963470319634,53.24675324675325,0.4944013781223084,0.6954022988505746,0.6123595505617979,0.3625304136253042,0.5609532012632786,0.7465876436781609,0.7351257356875334,0.5504866180048662,"[232, 178, 137, 79]",0.5255788740276218
17,128,64,3,4,4,0.1,1e-05,0.001,58.08823529411765,76.58227848101265,78.51239669421489,72.10526315789474,0.4823428079242031,0.71875,0.68566493955095,0.5345911949685532,0.5761125466551823,0.7816550925925926,0.7961386627189736,0.739412997903564,"[240, 193, 159, 124]",0.5250740944939545
35,32,64,3,2,4,0.1,1e-05,0.0001,52.94117647058824,72.22222222222221,72.11538461538461,53.333333333333336,0.5107665805340222,0.6771300448430492,0.6577380952380955,0.3308457711442786,0.534682744760264,0.7351145989038366,0.7620181405895692,0.5516169154228856,"[223, 168, 134, 78]",0.5224511042366791
47,32,64,2,4,2,0.2,0.0001,0.0001,52.38970588235294,74.73684210526315,74.17840375586854,50.63291139240506,0.4987080103359174,0.7046130952380952,0.5790960451977402,0.3465227817745803,0.546683893195521,0.7600694444444445,0.7583804143126178,0.5035971223021583,"[224, 177, 139, 74]",0.5215950797729367
19,32,256,3,2,4,0.2,0.0001,0.001,56.25,79.41176470588235,78.60082304526749,68.58638743455498,0.4840654608096469,0.7597402597402595,0.7076923076923077,0.4919191919191917,0.5633218489807637,0.8136724386724387,0.8112942612942613,0.6905050505050504,"[231, 195, 165, 119]",0.5206949671093147
10,128,64,2,2,2,0.2,0.0001,0.001,57.90441176470589,77.14285714285715,72.0164609053498,60.0,0.4763135228251506,0.7222222222222224,0.7010869565217391,0.4511111111111111,0.5653028997990238,0.7737253487253488,0.7638198757763975,0.6137777777777778,"[231, 184, 150, 97]",0.5170068555336101
18,32,64,4,4,2,0.2,0.0001,0.001,54.77941176470589,74.16107382550335,75.1131221719457,65.06024096385542,0.4840654608096468,0.6769005847953216,0.7264705882352944,0.4361702127659575,0.5491099626758542,0.7272782651072123,0.7886554621848738,0.6555555555555554,"[228, 170, 141, 97]",0.5145402437490045
20,32,128,2,4,4,0.2,1e-05,0.001,56.80147058823529,74.4336569579288,79.56521739130434,66.66666666666666,0.4677002583979324,0.7106382978723406,0.7436594202898551,0.457516339869281,0.5632787826586275,0.7585697399527188,0.8013716356107661,0.6662309368191721,"[235, 184, 153, 108]",0.5110591422489649
15,128,64,2,3,2,0.1,0.0001,0.001,60.84558823529412,78.85196374622356,82.37547892720306,73.95348837209302,0.4418604651162791,0.7595628415300548,0.8195121951219514,0.598404255319149,0.5948894631065174,0.8100295992714027,0.8764692218350755,0.752659574468085,"[244, 205, 188, 146]",0.5070810765554862
27,32,128,3,2,2,0.2,0.0001,0.0001,49.81617647058824,63.46863468634686,69.18604651162791,39.49579831932773,0.4866494401378123,0.5547619047619048,0.6063829787234042,0.240566037735849,0.5029285099052541,0.6441798941798942,0.7250591016548463,0.3836477987421383,"[210, 141, 106, 44]",0.49465507545733933
20,128,256,3,4,2,0.2,1e-05,0.001,53.49264705882353,76.28865979381443,74.77477477477478,60.24096385542169,0.4642549526270454,0.6973886328725037,0.6952380952380955,0.4120370370370371,0.5286965259833477,0.7761776753712237,0.7830612244897959,0.5898148148148148,"[217, 175, 144, 88]",0.4943846419726022
20,128,64,3,3,4,0.1,1e-05,0.001,59.55882352941176,77.1604938271605,81.6,71.56862745098039,0.4401378122308356,0.7248563218390803,0.7712765957446807,0.5686868686868685,0.5629773184036749,0.7834650383141761,0.8397796352583586,0.7408080808080808,"[232, 188, 165, 130]",0.4940362231422836
19,32,64,4,2,4,0.2,1e-05,0.001,55.14705882352941,76.0,73.68421052631578,57.738095238095234,0.450904392764858,0.7092846270928463,0.7122093023255816,0.4137115839243499,0.5296439850703416,0.753361237950279,0.7796234772978958,0.6011820330969267,"[219, 172, 141, 89]",0.4871127317490501
22,32,64,4,4,4,0.2,0.0001,0.0001,49.08088235294117,62.92134831460674,57.14285714285714,47.91666666666667,0.4616709732988802,0.5849514563106796,0.4545454545454544,0.3254901960784314,0.5004450186620729,0.626685544768069,0.6112554112554113,0.4725490196078431,"[206, 132, 85, 43]",0.480276683432723
21,128,64,4,2,2,0.1,0.0001,0.001,56.25,80.71895424836602,87.04453441295547,75.81395348837209,0.421188630490956,0.7889374090247455,0.8307692307692306,0.5935185185185184,0.5560867068619005,0.8279354682193111,0.8978876678876678,0.7797222222222222,"[229, 195, 180, 146]",0.4793273493052914
13,128,64,3,3,2,0.2,1e-05,0.001,55.14705882352941,75.66666666666667,77.97356828193833,64.40677966101694,0.4246339362618434,0.7043740573152337,0.7751479289940827,0.4541387024608501,0.5367929945449325,0.7425213675213675,0.8197097774020852,0.6450782997762863,"[221, 169, 149, 101]",0.474171286298631
22,128,256,4,3,2,0.2,1e-05,0.001,57.35294117647059,74.03846153846155,77.05627705627705,74.15730337078652,0.4220499569336775,0.6833333333333335,0.7550200803212853,0.5624999999999999,0.5389893769738731,0.7300883838383838,0.8157487091222031,0.742476851851852,"[220, 166, 144, 113]",0.4734050632758301
28,32,64,4,3,2,0.1,0.0001,0.0001,49.26470588235294,74.25373134328358,66.33165829145729,46.21212121212121,0.4496124031007752,0.7320574162679426,0.5474747474747477,0.3361581920903954,0.4944157335630202,0.77292663476874,0.6940548340548341,0.4759887005649717,"[209, 165, 118, 59]",0.47095089111156446
19,128,128,3,3,4,0.1,1e-05,0.001,55.69852941176471,79.86798679867987,83.88429752066115,76.84729064039408,0.4022394487510765,0.7895927601809956,0.7857142857142856,0.5912698412698413,0.5479902383003158,0.824270990447461,0.8595364071554549,0.7624007936507935,"[221, 189, 168, 133]",0.46393686574637333
22,32,64,4,4,2,0.2,0.0001,0.0001,47.05882352941176,60.546875,57.41935483870968,29.21348314606741,0.4470284237726098,0.5318257956448911,0.4563492063492064,0.2121212121212121,0.4812230835486648,0.6155778894472361,0.5792328042328042,0.2813852813852814,"[199, 126, 77, 24]",0.4634959271815108
9,128,64,3,4,2,0.2,1e-05,0.001,51.10294117647059,65.82733812949641,77.04918032786885,54.60992907801418,0.4160206718346252,0.6399082568807338,0.7058823529411765,0.4285714285714285,0.5210307206431236,0.6829765545361877,0.7901960784313726,0.5568783068783069,"[218, 153, 126, 74]",0.46264175516622663
10,128,64,2,3,2,0.2,1e-05,0.001,48.34558823529412,64.63878326996198,82.35294117647058,57.85714285714286,0.3893195521102497,0.6649029982363316,0.7367149758454107,0.3949579831932773,0.4504019523399367,0.7110523221634333,0.8309178743961352,0.5978991596638656,"[189, 138, 119, 75]",0.41763914684875914
23,128,64,4,4,4,0.2,0.0001,0.001,50.0,76.83823529411765,76.07655502392345,63.52201257861635,0.3531438415159343,0.7211538461538461,0.7360248447204969,0.5112781954887218,0.5017800746482918,0.7526041666666667,0.7822241940254362,0.6379699248120301,"[208, 161, 133, 90]",0.4145410832638604
17,128,64,3,4,4,0.2,0.0001,0.001,41.91176470588236,68.85964912280701,76.43312101910828,60.83333333333333,0.2842377260981911,0.6798780487804877,0.7195121951219511,0.5309278350515464,0.3938128050531152,0.7262872628726288,0.7748741773132019,0.6460481099656357,"[164, 123, 97, 68]",0.33017142845263603
