#epochs,encoder_embedding_dim,decoder_embedding_dim,enc_layers,dec_layers,enc_hidden_units,dec_hidden_units,dropout,weight_decay,learning_rate,Precision nivel1,Precision nivel2,Precision nivel3,Precision nivel4,Recall nivel1,Recall nivel2,Recall nivel3,Recall nivel4,Drugs that have at least one match
23,128,128,3,2,128,128,0.1,1e-05,0.001,0.42683982683982674,0.7215007215007214,0.814432989690722,0.6762452107279693,0.5545021645021645,0.8246753246753248,0.8650343642611682,0.7758620689655172,"[231, 194, 174, 140]"
28,32,128,2,3,64,128,0.0,1e-05,0.001,0.3212121212121213,0.6513056835637483,0.7505307855626326,0.6692913385826773,0.5227705627705629,0.7101382488479264,0.7713375796178344,0.7598425196850394,"[217, 157, 127, 101]"
38,64,128,2,3,64,128,0.0,0.0001,0.001,0.3220779220779218,0.6945773524720893,0.7794715447154472,0.6311274509803922,0.49774891774891783,0.7658692185007975,0.7976626016260162,0.7199754901960783,"[209, 164, 136, 103]"
53,32,128,4,2,128,64,0.2,0.0001,0.001,0.3870129870129871,0.7103960396039606,0.7916666666666666,0.6509009009009009,0.49619047619047624,0.8132013201320131,0.8440476190476192,0.8023648648648649,"[202, 168, 148, 123]"
77,32,128,4,3,128,64,0.2,0.0001,0.001,0.2900432900432901,0.6133333333333333,0.6707988980716253,0.5549242424242424,0.40718614718614715,0.6895238095238094,0.6844352617079891,0.7159090909090909,"[175, 121, 88, 66]"
37,64,128,3,2,128,64,0.0,0.0001,0.001,0.40000000000000024,0.7115097159940208,0.8519503546099292,0.6423001949317738,0.5351948051948053,0.8284005979073245,0.8715425531914893,0.7675438596491229,"[223, 188, 171, 135]"
72,128,128,2,3,128,64,0.1,0.0001,0.001,0.37229437229437234,0.6833333333333332,0.7530487804878048,0.6534772182254196,0.4588311688311689,0.8529824561403508,0.8122967479674796,0.7553956834532374,"[190, 164, 139, 110]"
34,32,128,2,3,64,64,0.0,1e-05,0.001,0.2606060606060606,0.6401709401709401,0.8239436619718309,0.6260162601626016,0.46731601731601735,0.7114529914529913,0.8097417840375588,0.6605691056910569,"[195, 142, 123, 86]"
31,64,64,2,2,128,128,0.1,0.0001,0.001,0.40432900432900437,0.6428571428571427,0.8126177024482109,0.6838709677419353,0.5363203463203464,0.7665178571428573,0.8437853107344633,0.8048387096774193,"[224, 177, 155, 130]"
36,64,128,3,3,64,64,0.0,1e-05,0.001,0.2891774891774891,0.6343537414965987,0.7699004975124377,0.5935672514619885,0.467835497835498,0.6773809523809523,0.8232587064676617,0.6542397660818713,"[196, 134, 114, 80]"
69,64,128,4,3,128,64,0.1,0.0001,0.001,0.3290043290043291,0.6461675579322641,0.7307692307692306,0.646376811594203,0.4473593073593074,0.7516934046345811,0.7755244755244756,0.7521739130434782,"[187, 143, 115, 91]"
41,128,64,3,3,64,128,0.2,1e-05,0.001,0.43290043290043295,0.6535662299854439,0.8143115942028986,0.6818181818181818,0.5514285714285716,0.7868995633187772,0.8675724637681159,0.7823232323232322,"[229, 184, 165, 135]"
54,32,128,2,3,64,128,0.1,0.0001,0.001,0.3194805194805194,0.6393034825870647,0.7685185185185186,0.6638888888888889,0.482943722943723,0.7061359867330017,0.791550925925926,0.7458333333333333,"[201, 144, 120, 92]"
41,32,128,2,2,64,64,0.0,0.0001,0.001,0.3601731601731603,0.6152073732718896,0.7538631346578365,0.6233595800524935,0.5189610389610392,0.6838709677419353,0.8054083885209714,0.7244094488188977,"[217, 151, 127, 96]"
58,128,128,4,3,64,128,0.1,0.0001,0.001,0.36536796536796556,0.6550925925925926,0.7820512820512822,0.7482758620689656,0.5193073593073595,0.7760802469135802,0.8312623274161737,0.8179310344827586,"[216, 169, 145, 123]"
27,32,128,4,2,64,64,0.0,1e-05,0.001,0.35194805194805234,0.6018518518518516,0.768065268065268,0.6442577030812324,0.46987012987012994,0.7175084175084175,0.7952214452214453,0.7478991596638656,"[198, 143, 119, 93]"
67,64,64,3,3,64,64,0.0,0.0001,0.001,0.3324675324675325,0.6477093206951025,0.801635991820041,0.6430260047281324,0.5113852813852814,0.7562401263823064,0.8250511247443764,0.715130023640662,"[211, 163, 141, 104]"
28,128,64,4,2,64,128,0.0,0.0001,0.001,0.4181818181818184,0.6681286549707603,0.8014571948998179,0.6860940695296525,0.5492640692640693,0.7875730994152047,0.8566484517304188,0.7944785276073619,"[228, 183, 163, 132]"
22,128,128,4,2,128,64,0.0,1e-05,0.001,0.406926406926407,0.6877828054298644,0.8055555555555557,0.5974842767295596,0.5380952380952382,0.7948717948717948,0.8422222222222222,0.7720125786163522,"[221, 180, 159, 125]"
56,128,64,3,3,64,128,0.2,0.0001,0.001,0.34805194805194806,0.6246177370030581,0.767515923566879,0.665374677002584,0.5210822510822511,0.7059633027522935,0.7812101910828025,0.7558139534883721,"[218, 157, 129, 102]"
32,128,64,3,3,128,64,0.0,1e-05,0.001,0.34199134199134196,0.6839080459770117,0.760548523206751,0.6455223880597014,0.47839826839826854,0.7663382594417077,0.8102320675105487,0.7555970149253731,"[203, 158, 134, 105]"
77,32,128,3,3,128,64,0.2,0.0001,0.001,0.24069264069264049,0.6028571428571429,0.7408963585434174,0.5989583333333334,0.4147619047619047,0.6662857142857143,0.73515406162465,0.6614583333333334,"[175, 119, 96, 68]"
25,128,128,4,2,64,128,0.0,0.0001,0.001,0.414718614718615,0.6608187134502926,0.8212962962962963,0.6616161616161615,0.5473160173160174,0.7738304093567252,0.893148148148148,0.7606060606060606,"[228, 180, 165, 132]"
32,64,128,3,3,128,128,0.1,1e-05,0.001,0.3974025974025973,0.6607142857142858,0.7832369942196533,0.7417218543046359,0.5406060606060608,0.7577380952380953,0.8476878612716763,0.8294701986754967,"[224, 173, 151, 130]"
23,128,128,4,2,128,128,0.2,1e-05,0.001,0.41904761904761895,0.7157738095238096,0.7854609929078015,0.7301587301587302,0.5420779220779223,0.8169642857142857,0.8653368794326239,0.8348214285714286,"[224, 188, 168, 144]"
55,32,128,2,3,128,128,0.2,0.0001,0.001,0.2173160173160172,0.6185897435897437,0.6416666666666667,0.5514705882352942,0.3742857142857143,0.6388888888888888,0.6241666666666668,0.6176470588235294,"[156, 100, 68, 44]"
28,128,128,2,3,128,128,0.0,1e-05,0.001,0.3956709956709958,0.6927803379416285,0.7733333333333335,0.6497747747747749,0.5211255411255412,0.7929339477726575,0.8165714285714286,0.777027027027027,"[217, 175, 148, 118]"
52,32,128,2,3,128,128,0.0,0.0001,0.001,0.2900432900432897,0.615530303030303,0.7726098191214472,0.6095238095238096,0.4210389610389611,0.7231060606060606,0.7828165374677004,0.6857142857142857,"[176, 129, 105, 77]"
42,32,128,4,3,64,128,0.0,0.0001,0.001,0.2883116883116884,0.6577380952380953,0.7677165354330707,0.5738993710691824,0.40402597402597407,0.7484126984126983,0.7833333333333334,0.6682389937106917,"[168, 127, 106, 74]"
31,128,64,4,2,128,64,0.1,1e-05,0.001,0.4354978354978356,0.7137518684603886,0.8163992869875224,0.6130604288499025,0.5436796536796538,0.8248131539611361,0.8806595365418896,0.7699805068226122,"[223, 187, 171, 135]"
46,32,64,4,2,64,64,0.0,0.0001,0.001,0.361904761904762,0.6860465116279071,0.7946428571428571,0.6312785388127854,0.5161471861471862,0.7708527131782946,0.8317460317460318,0.7328767123287672,"[215, 168, 146, 112]"
65,128,64,4,3,128,128,0.1,0.0001,0.001,0.36623376623376636,0.6282679738562092,0.8190789473684211,0.6528822055137844,0.4817316017316018,0.7374183006535948,0.8428728070175439,0.7568922305764412,"[204, 152, 133, 104]"
54,32,64,4,3,128,64,0.2,1e-05,0.001,0.2735930735930738,0.6376404494382023,0.7777777777777777,0.6403508771929824,0.4237662337662337,0.7288389513108613,0.8180555555555556,0.6951754385964912,"[178, 132, 114, 82]"
20,128,128,3,2,128,128,0.2,1e-05,0.001,0.4086580086580088,0.6713178294573644,0.8127450980392157,0.6613247863247861,0.5176623376623377,0.7832558139534883,0.8868627450980391,0.8060897435897436,"[215, 170, 156, 131]"
19,128,64,3,2,128,128,0.1,1e-05,0.001,0.43116883116883115,0.6865781710914455,0.834254143646409,0.6345381526104417,0.5455844155844157,0.7864306784660767,0.8871086556169429,0.8012048192771084,"[226, 181, 166, 139]"
28,32,64,3,2,64,64,0.0,1e-05,0.001,0.37575757575757596,0.6912013536379018,0.7712418300653595,0.611111111111111,0.46982683982684004,0.7651438240270727,0.8541394335511983,0.7574074074074074,"[197, 153, 135, 108]"
54,128,64,4,3,64,64,0.0,0.0001,0.001,0.33939393939393936,0.6216931216931216,0.7159624413145539,0.5855855855855856,0.4600432900432901,0.7430335097001763,0.7366197183098592,0.7214714714714715,"[189, 142, 111, 83]"
20,128,128,4,2,128,128,0.0,1e-05,0.001,0.4272727272727272,0.723913043478261,0.8247422680412373,0.7057728119180633,0.5703463203463204,0.8268115942028985,0.8911512027491408,0.8100558659217877,"[230, 194, 179, 152]"
49,64,128,3,2,64,64,0.2,0.0001,0.001,0.367965367965368,0.6642394822006474,0.8323293172690762,0.6677631578947367,0.4916883116883118,0.7957928802588997,0.8863453815261044,0.7835526315789473,"[206, 166, 152, 122]"
32,64,128,3,2,128,128,0.2,0.0001,0.001,0.4025974025974025,0.6434977578475339,0.7978303747534515,0.6103603603603603,0.5315151515151516,0.7506726457399103,0.8482248520710058,0.7263513513513513,"[223, 169, 148, 113]"
51,32,64,2,3,64,128,0.1,1e-05,0.001,0.3696969696969698,0.6359447004608294,0.7494887525562371,0.7059523809523809,0.5204761904761905,0.7391705069124422,0.8199386503067485,0.7625,"[217, 163, 140, 113]"
23,32,64,2,2,128,128,0.1,1e-05,0.001,0.43636363636363623,0.6762536873156344,0.8153153153153155,0.6927710843373492,0.5441125541125541,0.8039823008849558,0.8636036036036036,0.8162650602409639,"[226, 185, 166, 141]"
36,128,64,3,2,128,128,0.1,0.0001,0.001,0.4242424242424244,0.6846846846846846,0.8370577281191809,0.6595959595959595,0.5424675324675325,0.790990990990991,0.8874301675977654,0.7874747474747475,"[222, 179, 165, 138]"
31,128,64,2,3,64,128,0.2,1e-05,0.001,0.3610389610389609,0.6853658536585366,0.7947916666666665,0.5924574209245741,0.49987012987012996,0.7596747967479676,0.8290625,0.7372262773722628,"[205, 160, 137, 105]"
43,128,64,4,3,64,64,0.1,1e-05,0.001,0.30995670995670993,0.6828231292517006,0.7406181015452539,0.6088709677419355,0.46532467532467536,0.7513605442176869,0.7758278145695364,0.6895161290322581,"[196, 151, 124, 87]"
35,128,64,2,3,64,64,0.0,1e-05,0.001,0.29090909090909073,0.6858333333333332,0.8004535147392289,0.589238845144357,0.48337662337662346,0.7273333333333334,0.8428571428571429,0.6614173228346457,"[200, 147, 127, 89]"
44,64,128,3,2,64,128,0.1,0.0001,0.001,0.37748917748917754,0.6567278287461773,0.7869822485207101,0.6948198198198197,0.522770562770563,0.7657492354740061,0.8475345167652861,0.7697072072072071,"[218, 169, 148, 120]"
59,32,128,2,3,64,64,0.2,0.0001,0.001,0.2545454545454546,0.5424628450106157,0.7447916666666666,0.4770833333333333,0.37969696969696964,0.6027600849256901,0.7633680555555555,0.5875,"[157, 96, 80, 49]"
35,128,64,4,3,128,64,0.0,1e-05,0.001,0.34978354978355,0.6738095238095239,0.7914110429447855,0.6724537037037037,0.5108225108225108,0.758888888888889,0.8503067484662578,0.7604166666666666,"[210, 163, 144, 115]"
39,32,128,2,2,128,64,0.0,1e-05,0.001,0.45541125541125527,0.6854256854256853,0.8156966490299825,0.611111111111111,0.5522077922077923,0.8069264069264069,0.9,0.7744252873563219,"[231, 189, 174, 141]"
